epoch,train_loss,seconds,val_loss,val_accuracy,val_macro_f1,val_balanced_accuracy,val_subject_mean_accuracy,val_subject_mean_macro_f1,val_subject_mean_balanced_accuracy,val_recall_0,val_recall_1,val_recall_2,val_upper_vs_non_accuracy,val_upper_recall,val_non_upper_recall,val_upper_lr_end_to_end_accuracy,val_upper_lr_conditional_accuracy,val_upper_lr_conditional_n,val_n_trials,val_n_subjects
1,1.0954927276956226,30.730737686157227,1.1135075338240388,0.32855219552609777,0.32198042447219516,0.39805992819663083,0.39542857075182825,0.3483580777727333,0.4223619622551249,0.5666942833471417,0.5074565037282519,0.12002899751449876,0.5237158243579122,0.9274026512013256,0.12002899751449876,0.5370753935376967,0.5791178112786153,8955,19312,45
2,1.0649630005032131,29.44235396385193,1.0878034050837961,0.40565451532725766,0.3915978774513918,0.44058961612814146,0.4783516025570923,0.40515270600289177,0.4652620518973777,0.753728251864126,0.2671913835956918,0.3008492129246065,0.5736329743164872,0.8464167357083678,0.3008492129246065,0.5104598177299089,0.603083323137159,8173,19312,45
3,1.040091390021204,31.195855855941772,1.088174140640992,0.40316901408450706,0.3891382992304611,0.4398646782656725,0.48545949361611884,0.41673607299372606,0.4767922358616975,0.2526926263463132,0.7738193869096934,0.29308202154101076,0.572079536039768,0.8510770505385252,0.29308202154101076,0.5132560066280033,0.6030664395229983,8218,19312,45
4,1.0265689184825826,32.495317459106445,1.046007503135795,0.4507042253521127,0.4435351802582564,0.473971278652306,0.5127221346932592,0.45661061653644824,0.4975530702325963,0.6690140845070423,0.371996685998343,0.38090306545153274,0.5945526097763049,0.8082021541010771,0.38090306545153274,0.5205053852526926,0.6440287032291133,7804,19312,45
5,1.0165521343112722,32.1911780834198,1.015383802669149,0.49803231151615573,0.4834706239979014,0.4983429991714996,0.5387625649217369,0.48524488456158577,0.5214164752276711,0.4005799502899751,0.5973487986743994,0.4971002485501243,0.6251035625517812,0.7531068765534383,0.4971002485501243,0.4989643744821872,0.6625412541254125,7272,19312,45
6,1.0068802010022766,34.088237285614014,1.0188859140171724,0.4823943661971831,0.4742035865809597,0.4970657276995305,0.5237821246048618,0.4768610983404438,0.5181337688428028,0.6232394366197183,0.4295774647887324,0.43838028169014087,0.6128314001657,0.7872825186412593,0.43838028169014087,0.5264084507042254,0.668639831623257,7602,19312,45
7,1.0040364418439063,32.4142792224884,1.0058251358599533,0.5062137531068766,0.4897697566570118,0.5016224799779067,0.5481730786357806,0.4797466928780573,0.5135458750846997,0.4096934548467274,0.5751864125932062,0.5199875724937862,0.6292978458989229,0.7386081193040597,0.5199875724937862,0.49243993371996686,0.6667134043746494,7132,19312,45
8,1.000064278270552,32.66587567329407,1.0071937916391431,0.502278376139188,0.4895403669625888,0.507007732670533,0.5428027366854131,0.49159916079684507,0.5250751322120869,0.6195111847555924,0.4134217067108534,0.4880903065451533,0.6259838442419221,0.7638773819386909,0.4880903065451533,0.5164664457332229,0.6761117136659436,7376,19312,45
9,0.9976127186465968,31.26340937614441,1.0055177632006318,0.5107705053852527,0.49814919961367304,0.5116680475006904,0.5467468797550065,0.4882083173453138,0.5249350512382868,0.5109776304888153,0.5159486329743165,0.5080778790389395,0.6274855012427506,0.7468931234465617,0.5080778790389395,0.5134631317315659,0.687465335551858,7212,19312,45
10,0.9925925073208919,31.345940351486206,1.0062288294277018,0.49316487158243577,0.47642141597443616,0.496409831538249,0.5311030772257606,0.4809815827394841,0.5183594663459711,0.6572079536039768,0.3485915492957746,0.48342999171499584,0.6206503728251864,0.757870753935377,0.48342999171499584,0.5028997514498758,0.6635692812243782,7318,19312,45
11,0.9902411473292928,30.901779174804688,0.9992028549375274,0.5138256006628004,0.4996652819855168,0.512289422811378,0.5466559669970372,0.4886718190104835,0.5234287611296183,0.4757663628831814,0.5426677713338857,0.5184341342170671,0.6324047224523612,0.7463753106876554,0.5184341342170671,0.5092170671085335,0.6822533647842376,7207,19312,45
12,0.9878664006523822,29.00617527961731,1.0106011707128921,0.4878314001657001,0.47662758743979,0.4989298536315934,0.5259244065815453,0.4815521100440696,0.5261455716955792,0.3852526926263463,0.6570008285004143,0.4545360397680199,0.6241197183098591,0.7937033968516984,0.4545360397680199,0.5211267605633803,0.6565762004175365,7664,19312,45
13,0.9846818067310619,30.982765913009644,0.9925265508737067,0.5199357912178956,0.5061767430301607,0.5198494890914113,0.555134169269092,0.5008551229884817,0.5330706192475075,0.56980115990058,0.46955260977630486,0.5201946975973488,0.6331296603148302,0.7460646230323115,0.5201946975973488,0.5196768848384424,0.6965574680732927,7204,19312,45
14,0.9822534579902391,33.82710933685303,1.0116892095034835,0.4781483015741508,0.4622917404192914,0.4887462027064347,0.5257187208362955,0.4742172290656965,0.5141959229148318,0.6961474730737366,0.3237365368682684,0.4463545981772991,0.6115368682684341,0.7767191383595692,0.4463545981772991,0.5099420049710025,0.6565333333333333,7500,19312,45
15,0.9790842276871433,31.365519285202026,0.9993094524867098,0.5143434134217068,0.5024230175976533,0.5169842584921293,0.5497638371804614,0.49355816033170236,0.5288847494936003,0.5358326429163215,0.5086992543496272,0.5064208782104391,0.6303334714167357,0.7542460646230323,0.5064208782104391,0.5222659486329743,0.6924344363586434,7283,19312,45
16,0.9779099298802089,30.301167011260986,0.9740618773008439,0.5545774647887324,0.5224550200348684,0.5238539077602872,0.5651724994646001,0.5122650009056728,0.5405429532550291,0.40389395194697597,0.5209196354598177,0.646748135874068,0.6524958574979287,0.6582435791217895,0.646748135874068,0.4624067937033969,0.7024858401510384,6356,19312,45
17,0.9752243018886001,31.191659450531006,0.9728052413157421,0.5514705882352942,0.5287048487836149,0.533899475283071,0.570981735569456,0.5156914021720473,0.5448203345876994,0.5066280033140017,0.4908864954432477,0.6041839270919636,0.6535314830157415,0.7028790389395194,0.6041839270919636,0.4987572493786247,0.7095918668041845,6787,19312,45
18,0.97654455925491,31.01941442489624,0.9985491865512844,0.513307787903894,0.5011538722590189,0.5155689036177851,0.5587507516029894,0.48792814927008804,0.5237881255485868,0.4745236122618061,0.5656586578293289,0.5065244407622204,0.6282622203811102,0.75,0.5065244407622204,0.5200911350455675,0.6934548467274234,7242,19312,45
19,0.9750769625357089,30.785183668136597,0.9845381950976538,0.5375932062966031,0.517240434383126,0.526028721347694,0.558464522527179,0.5114963715691695,0.5417202307689042,0.5611019055509527,0.44469759734879866,0.5722866611433306,0.646023198011599,0.7197597348798674,0.5722866611433306,0.5028997514498758,0.698705035971223,6950,19312,45
20,0.971770402866016,31.105425596237183,1.0271504652233487,0.46416735708367857,0.4475397429381469,0.47814830157415084,0.5273885497842004,0.46228444574910144,0.5070493022825707,0.2885252692626346,0.723695111847556,0.4222245236122618,0.6109672742336372,0.7997100248550124,0.4222245236122618,0.5061101905550953,0.6328671328671329,7722,19312,45
21,0.9674506442835812,32.72086834907532,0.991182436208243,0.5215410107705054,0.5077554165195002,0.523301574150787,0.555806057161929,0.5055293545043579,0.5403435509415612,0.6068765534382767,0.4467688483844242,0.5162593206296603,0.6379971002485502,0.7597348798674399,0.5162593206296603,0.5268227009113504,0.6934296619411123,7336,19312,45
22,0.9684518907965334,31.368083000183105,1.0043717885471715,0.5015016570008285,0.49232778522661524,0.5114609223971279,0.544383126738665,0.4915031301890175,0.5277565935361108,0.46872410936205466,0.5940347970173985,0.4716238608119304,0.6245857497928748,0.7775476387738194,0.4716238608119304,0.5313794531897266,0.683404368673415,7508,19312,45
23,0.9667713120725288,31.81184959411621,1.0196988688289577,0.47866611433305717,0.4663015040785948,0.4923708920187793,0.5367964514338692,0.4686813405577983,0.512340112530706,0.33222866611433305,0.7073322286661143,0.4375517812758906,0.617129246064623,0.7967067108533554,0.4375517812758906,0.5197804473902237,0.6524112829845314,7693,19312,45
24,0.9677942544553171,31.68402647972107,1.0060529446147548,0.496996685998343,0.4911530775204797,0.5146368406517537,0.5463048491570925,0.4883638186504484,0.5275824835663427,0.6048053024026512,0.49502899751449875,0.44407622203811103,0.6160418392709196,0.7880074565037283,0.44407622203811103,0.549917149958575,0.6978577999737153,7609,19312,45
25,0.9666329249895255,30.9074923992157,0.9598155764873697,0.5684548467274234,0.5312847673142779,0.5287558685446009,0.5845616240017627,0.5090337060593513,0.531600159567308,0.44428334714167356,0.4544324772162386,0.6875517812758907,0.6604183927091963,0.6332850041425021,0.6875517812758907,0.4493579121789561,0.7095666394112837,6115,19312,45
26,0.9648783086871053,31.20992922782898,0.992686453641893,0.511443661971831,0.49917737202851,0.5151201325600663,0.5546325960063986,0.4807097077105786,0.5208557941583111,0.5987986743993372,0.44614747307373653,0.5004142502071252,0.6256213753106876,0.7508285004142502,0.5004142502071252,0.5224730737365368,0.6958620689655173,7250,19312,45
27,0.964666731947236,32.21511435508728,1.0280085362574238,0.46815451532725766,0.45983422742248986,0.4880557856945595,0.5379885442381893,0.47489881379613125,0.5176356088472565,0.3672328086164043,0.6884838442419221,0.4084507042253521,0.6084299917149959,0.8084092792046396,0.4084507042253521,0.5278583264291632,0.6529592621060722,7806,19312,45
28,0.9639561982165448,31.066041231155396,0.9829071978448143,0.5326222038111019,0.5136719003779467,0.522887323943662,0.5703532270173828,0.5011080669134139,0.5322511772652263,0.4391052195526098,0.5677299088649544,0.5618268434134217,0.6452464788732394,0.7286661143330572,0.5618268434134217,0.5034175642087821,0.6908754974417283,7036,19312,45
29,0.9622427661094609,32.90673208236694,0.9891624000315441,0.5203500414250207,0.507723782726878,0.523025407346037,0.5560655356994062,0.49871552952284476,0.531534356023411,0.6019055509527754,0.45484672742336374,0.5123239436619719,0.6305923777961889,0.748860811930406,0.5123239436619719,0.5283761391880696,0.705573226386392,7231,19312,45
30,0.9583252737129071,32.49068856239319,0.9698191390811853,0.555923777961889,0.5312318409735243,0.5355564761115713,0.5792826841710729,0.5161671877176347,0.5430109525742955,0.47949461474730737,0.5101491300745651,0.6170256835128417,0.6601594863297432,0.7032932891466446,0.6170256835128417,0.4948218724109362,0.7035782653512002,6791,19312,45
31,0.9581414259830141,33.51138138771057,1.004433019455544,0.5111329743164872,0.5052430431592233,0.5281344932339133,0.567851279197213,0.5123997428191174,0.5500707492841177,0.5814001657000829,0.5428748964374482,0.4601284175642088,0.6256213753106876,0.7911143330571665,0.4601284175642088,0.5621375310687655,0.7105642099751276,7639,19312,45
32,0.9611869893939493,31.591445207595825,0.9908269012675566,0.5235086992543496,0.5129864769983956,0.5290665561999447,0.5690540568413898,0.5052414407914906,0.5397126412888957,0.5325186412593206,0.5478458989229494,0.5068351284175642,0.6358740679370339,0.7649130074565037,0.5068351284175642,0.5401822700911351,0.7062009206607095,7386,19312,45
33,0.9602975568777466,31.725178718566895,0.9960385931851752,0.5085956917978459,0.4880289508064794,0.5072148577740955,0.5573583680039578,0.4920607326317631,0.5302200385709084,0.3268434134217067,0.682062966031483,0.5127381938690969,0.6372721623860812,0.7618061309030655,0.5127381938690969,0.5044531897265948,0.6621805328983144,7356,19312,45
34,0.9564936390737796,31.280457019805908,0.9976228412361113,0.5161039768019884,0.5057585965372927,0.5229908864954432,0.5636095880297992,0.5050713987624509,0.5407692504482047,0.5923777961888981,0.48115161557580777,0.49544324772162385,0.6305923777961889,0.7657415078707539,0.49544324772162385,0.5367647058823529,0.7009737625101433,7394,19312,45
35,0.9573776224050963,32.38449811935425,0.9686215926322842,0.550642087821044,0.52974577184176,0.5368337475835404,0.5788077586963964,0.5157141516593646,0.5440164689242482,0.46416735708367857,0.5542667771333886,0.5920671085335543,0.6553956089478045,0.7187241093620547,0.5920671085335543,0.5092170671085335,0.7085014409221903,6940,19312,45
36,0.9565634432406324,32.20701551437378,0.9691493032189964,0.5513670256835128,0.5294232639869972,0.5381455399061033,0.5753987316111919,0.5190958681829613,0.5503598000857225,0.5867854183927091,0.43661971830985913,0.5910314830157415,0.6571561723280862,0.7232808616404308,0.5910314830157415,0.5117025683512841,0.7074742268041238,6984,19312,45
37,0.9552852260707435,31.71432614326477,1.0045422384732996,0.5082850041425021,0.49965766234649883,0.5179508423087545,0.5609750627403459,0.4987445936810415,0.5343763704798764,0.48301574150787074,0.5915492957746479,0.47928748964374485,0.6232912178956089,0.7672949461474731,0.47928748964374485,0.5372825186412593,0.7002294506681064,7409,19312,45
38,0.9537957517805025,31.702772617340088,0.9759188838111732,0.546188898094449,0.5287742216149062,0.539043082021541,0.5655760598492876,0.5170023954667151,0.5499011108389341,0.4739022369511185,0.5756006628003314,0.5676263463131731,0.6552920463960232,0.7429577464788732,0.5676263463131731,0.524751449875725,0.7063005296905492,7174,19312,45
39,0.9575062440764123,31.584270477294922,0.99734810342844,0.515586164043082,0.5071168837519463,0.5253728251864126,0.5609574774963726,0.4939622165448503,0.5311092473813211,0.5064208782104391,0.5834714167357083,0.4862261806130903,0.6296603148301574,0.7730944490472246,0.4862261806130903,0.5449461474730737,0.7048894842598794,7465,19312,45
40,0.9521565561240585,31.987415313720703,0.9829076782375105,0.5332435791217895,0.5185223632530338,0.5327257663628832,0.5723818506589639,0.51855949059434,0.5493399868097875,0.5969345484672742,0.4664457332228666,0.5347970173985087,0.6442108533554267,0.7536246893123446,0.5347970173985087,0.5316901408450704,0.7055105125738629,7277,19312,45
41,0.9520067222426942,30.370304822921753,0.9757202998507388,0.5398198011599006,0.524388059714657,0.5351077050538525,0.5784905398974599,0.5219237971654233,0.55251499406182,0.5238193869096934,0.5275476387738194,0.5539560894780448,0.6445733222866611,0.7351905550952775,0.5539560894780448,0.5256835128417564,0.7150302859557685,7099,19312,45
42,0.9510459158568821,30.93859338760376,0.967079112030004,0.5598073736536868,0.5366862005906469,0.5412178956089478,0.5760881493148408,0.5221968413224273,0.5526688822781407,0.4991714995857498,0.5089063794531897,0.6155758077879039,0.658036454018227,0.7004971002485502,0.6155758077879039,0.5040389395194698,0.7195446481371969,6764,19312,45
43,0.9513436007241085,32.5998899936676,0.9802889217990632,0.536195111847556,0.5220846718046691,0.5341411212372273,0.5762248727816245,0.5213698990529618,0.553548460453515,0.5190555095277548,0.5410107705053853,0.5423570836785419,0.64529826014913,0.7482394366197183,0.5423570836785419,0.53003314001657,0.7083737024221454,7225,19312,45
44,0.9536027972174407,31.588903427124023,0.9944670266520415,0.5189001657000829,0.5103258334393957,0.528755868544601,0.5601405564820503,0.5050303335112853,0.5406080601580854,0.5412178956089478,0.5557166528583264,0.4893330571665286,0.6331814415907208,0.777029826014913,0.4893330571665286,0.5484672742336372,0.7058509929361588,7503,19312,45
45,0.9504694469508509,32.229965686798096,0.9940538241434611,0.5184859154929577,0.5087892608241648,0.5264774924054129,0.5658467422768444,0.49830358089614796,0.5329050458435418,0.4629246064623032,0.621996685998343,0.49451118475559236,0.6324565037282519,0.7704018227009114,0.49451118475559236,0.5424606462303231,0.7041268987767173,7439,19312,45
46,0.9495434013409233,31.083157300949097,0.9974359504032846,0.511857912178956,0.5033818463389045,0.5225075945871306,0.5599791575809479,0.4911211834279499,0.5270752213128933,0.5950704225352113,0.49254349627174815,0.47990886495443247,0.6238090306545153,0.7677091963545982,0.47990886495443247,0.5438069594034797,0.7083501956023203,7413,19312,45
47,0.9507776751741842,31.978003978729248,0.9592837829084168,0.5667460646230323,0.539465847600932,0.5413214581607292,0.5746757673596918,0.5239575265136118,0.5558358281643851,0.47970173985086995,0.5012427506213754,0.643019884009942,0.6628003314001657,0.6825807787903894,0.643019884009942,0.4904722452361226,0.7185556061295706,6591,19312,45
48,0.9491871013832824,31.390714168548584,0.9883260721990463,0.5301884838442419,0.518110382051135,0.533312620822977,0.5761330210876421,0.5159097599608699,0.5487401438487466,0.5836785418392709,0.49544324772162385,0.5208160729080364,0.6396023198011599,0.7583885666942833,0.5208160729080364,0.5395608947804474,0.7114570531203059,7323,19312,45
49,0.9475914578645657,31.417576551437378,0.9664282699014495,0.5569076222038111,0.5347388948092128,0.5424606462303231,0.5753820895993719,0.5212848477847208,0.5547991522567373,0.5778790389395194,0.4492543496271748,0.600248550124275,0.6610915492957746,0.7219345484672742,0.600248550124275,0.5135666942833471,0.7113756993257783,6971,19312,45
50,0.9471078465218284,31.416295289993286,1.0027009816631958,0.5190037282518641,0.5080985540604638,0.5257870753935378,0.5628410852794207,0.5045104313936589,0.5388652073868985,0.45215410107705056,0.6265534382767192,0.4986536868268434,0.6340617232808616,0.7694697597348799,0.4986536868268434,0.5393537696768849,0.7009421265141319,7430,19312,45
