epoch,train_loss,seconds,backbone_lr,head_lr,val_loss,val_accuracy,val_macro_f1,val_balanced_accuracy,val_subject_mean_accuracy,val_subject_mean_macro_f1,val_subject_mean_balanced_accuracy,val_recall_0,val_recall_1,val_recall_2,val_upper_vs_non_accuracy,val_upper_recall,val_non_upper_recall,val_upper_lr_end_to_end_accuracy,val_upper_lr_conditional_accuracy,val_upper_lr_conditional_n,val_n_trials,val_n_subjects
1,1.100384989003564,600.6324574947357,9.973979002999254e-05,0.0004986441691036489,1.0915735530626112,0.5,0.2222222222222222,0.3333333333333333,0.5,0.22222222222222215,0.33333333333333337,0.0,0.0,1.0,0.5,0.0,1.0,0.0,,0,19312,45
2,1.0988632282349473,591.2632613182068,9.896201103485518e-05,0.0004945915311816193,1.092717467183008,0.5,0.2222222222222222,0.3333333333333333,0.5,0.22222222222222215,0.33333333333333337,0.0,0.0,1.0,0.5,0.0,1.0,0.0,,0,19312,45
3,1.0987437183963138,694.00714802742,9.767518452401902e-05,0.00048788648778297995,1.0925348316625612,0.5,0.2222222222222222,0.3333333333333333,0.5,0.22222222222222215,0.33333333333333337,0.0,0.0,1.0,0.5,0.0,1.0,0.0,,0,19312,45
4,1.0992814353604141,700.1070775985718,9.589340923802315e-05,0.0004786025007664765,1.0918749648870865,0.5,0.2222222222222222,0.3333333333333333,0.5,0.22222222222222215,0.33333333333333337,0.0,0.0,1.0,0.5,0.0,1.0,0.0,,0,19312,45
5,1.098435637564268,672.4002182483673,9.363620667976083e-05,0.00046684128743658225,1.0927673933075397,0.5,0.2222222222222222,0.3333333333333333,0.5,0.22222222222222215,0.33333333333333337,0.0,0.0,1.0,0.5,0.0,1.0,0.0,,0,19312,45
6,1.09857826694552,601.4713680744171,9.092830723281016e-05,0.000452731706107736,1.0923600758564007,0.5,0.2222222222222222,0.3333333333333333,0.5,0.22222222222222215,0.33333333333333337,0.0,0.0,1.0,0.5,0.0,1.0,0.0,,0,19312,45
7,1.0980995303977494,667.6066117286682,8.779937921017662e-05,0.0004364283443055941,1.0917263308041532,0.5,0.2222222222222222,0.3333333333333333,0.5,0.22222222222222215,0.33333333333333337,0.0,0.0,1.0,0.5,0.0,1.0,0.0,,0,19312,45
8,1.0985324650788046,689.1984243392944,8.428370380204633e-05,0.0004181098250737603,1.092303735788143,0.5,0.2222222222222222,0.3333333333333333,0.5,0.22222222222222215,0.33333333333333337,0.0,0.0,1.0,0.5,0.0,1.0,0.0,,0,19312,45
9,1.0983426983141396,631.6096754074097,8.041979948389357e-05,0.0003979768499423325,1.091508772171719,0.5,0.2222222222222222,0.3333333333333333,0.5,0.22222222222222215,0.33333333333333337,0.0,0.0,1.0,0.5,0.0,1.0,0.0,,0,19312,45
10,1.0991059134272017,678.787300825119,7.62500000000012e-05,0.00037624999999994813,1.0916024450684938,0.5,0.2222222222222222,0.3333333333333333,0.5,0.22222222222222215,0.33333333333333337,0.0,0.0,1.0,0.5,0.0,1.0,0.0,,0,19312,45
11,1.0981734530716776,616.0966184139252,7.181999054610176e-05,0.00035316731916121253,1.0925400735379847,0.5,0.2222222222222222,0.3333333333333333,0.5,0.22222222222222215,0.33333333333333337,0.0,0.0,1.0,0.5,0.0,1.0,0.0,,0,19312,45
12,1.0982927652909766,674.3058142662048,6.717830723281147e-05,0.00032898170610775647,1.0927866431386786,0.5,0.2222222222222222,0.3333333333333333,0.5,0.22222222222222215,0.33333333333333337,0.0,0.0,1.0,0.5,0.0,1.0,0.0,,0,19312,45
13,1.098018229943373,683.3027350902557,6.237580531385424e-05,0.0003039581434773575,1.0918813264607001,0.5,0.2222222222222222,0.3333333333333333,0.5,0.22222222222222215,0.33333333333333337,0.0,0.0,1.0,0.5,0.0,1.0,0.0,,0,19312,45
14,1.0980708897937013,694.2033693790436,5.7465102005226436e-05,0.00027837079465871004,1.0917923556642288,0.5,0.2222222222222222,0.3333333333333333,0.5,0.22222222222222215,0.33333333333333337,0.0,0.0,1.0,0.5,0.0,1.0,0.0,,0,19312,45
15,1.0984229381728716,650.6054382324219,5.250000000001146e-05,0.00025249999999996684,1.0920758844656497,0.5000517812758907,0.22237559210682123,0.3334023750345208,0.5002525252525253,0.2229154795821462,0.3336700336700337,0.0,0.00020712510356255177,1.0,0.5001035625517812,0.00020712510356255177,1.0,0.00010356255178127589,0.5,2,19312,45
16,1.098421190294673,598.6140387058258,4.753489799479668e-05,0.0002266292053412177,1.0918076166755024,0.4993786246893123,0.2273541071134082,0.33429991714995855,0.49656793935894733,0.23562939117088227,0.3365839929078229,0.0,0.008285004142502071,0.9946147473073736,0.5009838442419221,0.007352941176470588,0.9946147473073736,0.004142502071251036,0.5633802816901409,71,19312,45
17,1.0978291373621347,593.9029009342194,4.2624194686165264e-05,0.00020104185652257067,1.0915137016536187,0.44433512841756423,0.30521735222627266,0.3475559237779619,0.41928778898580643,0.30119841381741924,0.34302639556178804,0.015741507870753936,0.29225352112676056,0.7346727423363711,0.5122203811101905,0.28976801988400996,0.7346727423363711,0.15399751449875726,0.5314510364546104,2798,19312,45
18,1.0929947567782794,591.1763632297516,3.782169276719776e-05,0.00017601829389217048,1.0816742472393808,0.4502899751449876,0.40834001883061116,0.4070698702016018,0.417735973914857,0.3864617702390661,0.3996636802893341,0.3148301574150787,0.3264291632145816,0.579950289975145,0.5434962717481359,0.5070422535211268,0.579950289975145,0.32062966031483014,0.6323529411764706,4896,19312,45
19,1.077882176499912,596.8858678340912,3.3180009453909204e-05,0.00015183268083871347,1.1063112947771938,0.424917149958575,0.4106225332697355,0.42070560618613645,0.4038282536970318,0.3911330148765766,0.4103982603773045,0.46023198011599004,0.3643330571665286,0.4375517812758906,0.5505385252692626,0.6635252692626347,0.4375517812758906,0.4122825186412593,0.6213516466364913,6407,19312,45
20,1.0776080194207396,661.3422212600708,2.8750000000011473e-05,0.00012874999999997817,1.0761107464738393,0.4251760563380282,0.4157258589171067,0.4296465064899199,0.40828357413573774,0.3993266615558093,0.4220827563324782,0.47100248550124274,0.40617232808616405,0.4117647058823529,0.552920463960232,0.694076222038111,0.4117647058823529,0.4385874067937034,0.6319009250969859,6702,19312,45
21,1.0682492016950869,658.2512493133545,2.4580200516116947e-05,0.00010702315005759987,1.085710331242047,0.3634527754763877,0.363882249429438,0.4158726871030101,0.3607032301783703,0.3583378385588829,0.4114555488758044,0.5213338856669428,0.5200911350455675,0.2061930405965203,0.5298260149130074,0.8534589892294946,0.2061930405965203,0.5207125103562552,0.6101201310520568,8241,19312,45
22,1.068565159198819,666.4830746650696,2.0716296197961774e-05,8.68901749261721e-05,1.0847703564260849,0.40777754763877383,0.40230963412919113,0.4286454018227009,0.3978342026208625,0.38815228726569245,0.41645278213895504,0.5764291632145816,0.3643330571665286,0.34517398508699254,0.5498653686826843,0.7545567522783762,0.34517398508699254,0.4703811101905551,0.6233873181443865,7286,19312,45
23,1.0618923643360094,668.006599187851,1.7200620789832176e-05,6.857165569433707e-05,1.1458513507343266,0.3754660314830157,0.3757295292516147,0.4290251311792323,0.36557828215383387,0.3629370465035389,0.41521101072177885,0.5789146644573322,0.49337199668599835,0.2147887323943662,0.5357290803645401,0.8566694283347142,0.2147887323943662,0.5361433305716653,0.6258462282398453,8272,19312,45
24,1.055989847031917,666.8816289901733,1.4071692767199019e-05,5.2268293892198035e-05,1.0764255634545292,0.4106255178127589,0.4034686064271265,0.42560756697045016,0.3925155959510445,0.3838164905321524,0.4129143377988261,0.5542667771333886,0.35687655343827673,0.3656793703396852,0.5462406793703397,0.7268019884009942,0.3656793703396852,0.45557166528583265,0.6268167569108007,7018,19312,45
25,1.0524457874608426,666.7995119094849,1.1363793320246781e-05,3.815871256334946e-05,1.102050128426054,0.41777133388566695,0.41476887654453026,0.43824219828776584,0.39706699119862643,0.39133484348713665,0.4237919691270291,0.4736951118475559,0.48467274233637114,0.35635874067937034,0.5544739022369511,0.7525890637945319,0.35635874067937034,0.47918392709196356,0.6367139122058622,7267,19312,45
26,1.0490852611100892,591.8124394416809,9.106590761981323e-06,2.6397499233457096e-05,1.0718333607087376,0.41699461474730737,0.4055425418466836,0.42060204363435516,0.40411973894750025,0.38948468506957384,0.4128003163861789,0.3523198011599006,0.5033140016570008,0.40617232808616405,0.5548881524440762,0.7036039768019884,0.40617232808616405,0.4278169014084507,0.6080365027965853,6794,19312,45
27,1.0465843359599865,576.7972092628479,7.324815475983001e-06,1.7113512216951044e-05,1.0605740922733882,0.44573322286661143,0.4264026534441078,0.4325117370892018,0.42427804951142734,0.4043179173284216,0.41965113411972027,0.4235708367854184,0.38856669428334717,0.4853976801988401,0.5661246893123446,0.6468516984258492,0.4853976801988401,0.40606876553438276,0.6277617675312199,6246,19312,45
28,1.043376109975613,610.376650094986,6.0379889651454645e-06,1.0408468818384897e-05,1.06081616139007,0.4424192212096106,0.4286393690631775,0.43865644849489094,0.4166845007026968,0.40241626562487726,0.42299634574617334,0.45463960231980116,0.4076222038111019,0.4537075393537697,0.564778376139188,0.6758492129246064,0.4537075393537697,0.43113090306545154,0.6379098988660742,6526,19312,45
29,1.0408477754551293,654.7441263198853,5.2602099700073315e-06,6.355830896352779e-06,1.0661602385817428,0.4271437448218724,0.42072425379705036,0.4383802816901408,0.406597195519372,0.39770849113952017,0.42360812000646914,0.4502899751449876,0.47141673570836784,0.39343413421706713,0.5601698425849213,0.7269055509527754,0.39343413421706713,0.4608533554266777,0.6339934463598803,7019,19312,45
30,1.0405056222641813,667.6859517097473,5e-06,5e-06,1.0643360300950997,0.43506628003314,0.4201722002059351,0.43006075669704497,0.42176027560051094,0.4041872401805258,0.4209987608865201,0.4627174813587407,0.37738193869096937,0.450082850041425,0.5643123446561723,0.6785418392709196,0.450082850041425,0.420049710024855,0.6190476190476191,6552,19312,45
