model_order,model,model_group,implementation,result_class,training_regime,pretraining,checkpoint_sha256,data_version,dataset_manifest_sha256,input_channels,input_strategy,fold,split,seed,learning_rate,batch_size,planned_epochs,best_epoch,loss,accuracy,macro_f1,balanced_accuracy,recall_left_upper,recall_right_upper,recall_non_upper,upper_vs_non_accuracy,upper_recall,non_upper_recall,upper_lr_end_to_end_accuracy,upper_lr_conditional_accuracy,upper_lr_conditional_n,n_trials,n_subjects,confusion_matrix,selection_metric,test_used_for_model_selection,status
1,EEGNet,Traditional deep learning,"official-aligned PyTorch EEGNet-8,2 topology",formal_reproduction,supervised from scratch,none supervised from scratch,none,4.0-common32,1017a3dd50d11ff9d92d987a40996fc2fd61ace99d465213bdb0316ff52aad06,32,all 32 model-valid measured/interpolated MI-32 channels,0,validation,20260813,0.001,256,50,47,0.9592837829084168,0.5667460646230323,0.539465847600932,0.5413214581607292,0.4797017398508699,0.5012427506213754,0.643019884009942,0.6628003314001657,0.6825807787903894,0.643019884009942,0.4904722452361226,0.7185556061295706,6591,19312,45,"[[2316, 973, 1539], [882, 2420, 1526], [1467, 1980, 6209]]",validation macro_f1,False,completed single subject-held-out fold
1,EEGNet,Traditional deep learning,"official-aligned PyTorch EEGNet-8,2 topology",formal_reproduction,supervised from scratch,none supervised from scratch,none,4.0-common32,1017a3dd50d11ff9d92d987a40996fc2fd61ace99d465213bdb0316ff52aad06,32,all 32 model-valid measured/interpolated MI-32 channels,0,test,20260813,0.001,256,50,47,0.9535475765214968,0.5709680828577468,0.5558903620600585,0.568942436412316,0.5533713802578736,0.5764109067850349,0.5770450221940393,0.6791904459945043,0.7813358697949694,0.5770450221940393,0.5648911435214542,0.7229811984309482,7393,18924,45,"[[2618, 1037, 1076], [1011, 2727, 993], [1993, 2009, 5460]]",validation macro_f1,False,completed single subject-held-out fold
2,TSception,Traditional deep learning,official TSception-v2 topology with official MI-32 channel reordering,formal_reproduction,supervised from scratch,none supervised from scratch,none,4.0-common32,1017a3dd50d11ff9d92d987a40996fc2fd61ace99d465213bdb0316ff52aad06,32,symmetric left-right pairs selected from the common MI-32 input,0,validation,20260813,0.001,128,50,19,0.9837362532192948,0.5588753106876554,0.544552759400731,0.5582711958022646,0.4894366197183099,0.6246893123446562,0.5606876553438277,0.656897265948633,0.7531068765534383,0.5606876553438277,0.557062966031483,0.7396864686468647,7272,19312,45,"[[2363, 1214, 1251], [679, 3016, 1133], [1793, 2449, 5414]]",validation macro_f1,False,completed single subject-held-out fold
2,TSception,Traditional deep learning,official TSception-v2 topology with official MI-32 channel reordering,formal_reproduction,supervised from scratch,none supervised from scratch,none,4.0-common32,1017a3dd50d11ff9d92d987a40996fc2fd61ace99d465213bdb0316ff52aad06,32,symmetric left-right pairs selected from the common MI-32 input,0,test,20260813,0.001,128,50,19,1.0112051557622734,0.5166983724371169,0.5109355842118605,0.5417811597266258,0.4789685056013528,0.7049249630099345,0.4414500105685901,0.6436799830902558,0.8459099556119214,0.4414500105685901,0.5919467343056436,0.6997751124437781,8004,18924,45,"[[2266, 1672, 793], [731, 3335, 665], [1855, 3430, 4177]]",validation macro_f1,False,completed single subject-held-out fold
3,RGNN backbone (without NodeDAT/EmotionDL),Traditional deep learning,RGNN backbone without target-domain NodeDAT/EmotionDL; MI-32 log-power features,formal_reproduction,supervised inductive training from scratch,none supervised from scratch,none,4.0-common32,1017a3dd50d11ff9d92d987a40996fc2fd61ace99d465213bdb0316ff52aad06,32,five-band log-power nodes plus learnable signed symmetric MI-32 graph,0,validation,20260813,0.0003,256,50,41,1.053509413751572,0.4407622203811102,0.421562850214755,0.4280930682132007,0.4144573322286661,0.3910521955260977,0.4787696768848384,0.572079536039768,0.6653893951946976,0.4787696768848384,0.4027547638773819,0.6052918287937743,6425,19312,45,"[[2001, 1213, 1614], [1323, 1888, 1617], [2480, 2553, 4623]]",validation macro_f1,False,completed single subject-held-out fold
3,RGNN backbone (without NodeDAT/EmotionDL),Traditional deep learning,RGNN backbone without target-domain NodeDAT/EmotionDL; MI-32 log-power features,formal_reproduction,supervised inductive training from scratch,none supervised from scratch,none,4.0-common32,1017a3dd50d11ff9d92d987a40996fc2fd61ace99d465213bdb0316ff52aad06,32,five-band log-power nodes plus learnable signed symmetric MI-32 graph,0,test,20260813,0.0003,256,50,41,1.0662985361547153,0.4211054745296977,0.4082766537623963,0.4185866272105967,0.424857324032974,0.4022405411118157,0.4286620164870006,0.5552208835341366,0.6817797505812725,0.4286620164870006,0.4135489325723948,0.6065726243993179,6451,18924,45,"[[2010, 1240, 1481], [1298, 1903, 1530], [2722, 2684, 4056]]",validation macro_f1,False,completed single subject-held-out fold
4,EEG-Conformer,Traditional deep learning,official Song et al. EEG-Conformer graph with MI-32 task adaptations,formal_reproduction,supervised from scratch,none supervised from scratch,none,4.0-common32,1017a3dd50d11ff9d92d987a40996fc2fd61ace99d465213bdb0316ff52aad06,32,all 32 model-valid measured/interpolated MI-32 channels,0,validation,20260813,0.001,128,50,25,0.9281823564978208,0.6076014913007457,0.5865783148969032,0.5917219000276167,0.5958989229494615,0.524026512013256,0.6552402651201326,0.6909175642087821,0.7265948632974316,0.6552402651201326,0.5599627174813587,0.7706670467502851,7016,19312,45,"[[2877, 664, 1287], [945, 2530, 1353], [1716, 1613, 6327]]",validation macro_f1,False,completed single subject-held-out fold
4,EEG-Conformer,Traditional deep learning,official Song et al. EEG-Conformer graph with MI-32 task adaptations,formal_reproduction,supervised from scratch,none supervised from scratch,none,4.0-common32,1017a3dd50d11ff9d92d987a40996fc2fd61ace99d465213bdb0316ff52aad06,32,all 32 model-valid measured/interpolated MI-32 channels,0,test,20260813,0.001,128,50,25,0.9402067805666976,0.5889346861128726,0.5794915380964348,0.5994152046783626,0.6121327414922849,0.6286197421264004,0.5574931304164025,0.6891249207355739,0.8207567110547453,0.5574931304164025,0.6203762418093426,0.7558588720061807,7766,18924,45,"[[2896, 922, 913], [974, 2974, 783], [1936, 2251, 5275]]",validation macro_f1,False,completed single subject-held-out fold
5,EEGMamba,EEG foundation model,official frozen EEGMamba architecture with faithful MI-32 dimensional adaptation,formal_reproduction,full fine-tuning of official pretrained backbone with adapted default all_patch_reps head,official identity-verified EEGMamba pretrained checkpoint,b452bb29ecf1d6131ba82a50c6e13823ec1d660d9009d013e691d19b2916f4fe,4.0-common32,1017a3dd50d11ff9d92d987a40996fc2fd61ace99d465213bdb0316ff52aad06,32,direct topology-ordered MI-32; anti-aliased 250-to-200 Hz; 3x200-point patches,0,validation,20260813,0.0001,16,30,28,1.06081616139007,0.4424192212096106,0.4286393690631775,0.4386564484948909,0.4546396023198011,0.4076222038111019,0.4537075393537697,0.564778376139188,0.6758492129246064,0.4537075393537697,0.4311309030654515,0.6379098988660742,6526,19312,45,"[[2195, 1114, 1519], [1249, 1968, 1611], [2820, 2455, 4381]]",validation macro_f1,False,completed single subject-held-out fold
5,EEGMamba,EEG foundation model,official frozen EEGMamba architecture with faithful MI-32 dimensional adaptation,formal_reproduction,full fine-tuning of official pretrained backbone with adapted default all_patch_reps head,official identity-verified EEGMamba pretrained checkpoint,b452bb29ecf1d6131ba82a50c6e13823ec1d660d9009d013e691d19b2916f4fe,4.0-common32,1017a3dd50d11ff9d92d987a40996fc2fd61ace99d465213bdb0316ff52aad06,32,direct topology-ordered MI-32; anti-aliased 250-to-200 Hz; 3x200-point patches,0,test,20260813,0.0001,16,30,28,1.047658520882791,0.4757450856055802,0.4641940063364557,0.4754456422179948,0.4692454026632847,0.4804481082223631,0.4766434157683365,0.5788945254703023,0.681145635172268,0.4766434157683365,0.4748467554428239,0.6971295577967417,6445,18924,45,"[[2220, 978, 1533], [974, 2273, 1484], [2547, 2405, 4510]]",validation macro_f1,False,completed single subject-held-out fold
6,LaBraM,EEG foundation model,official LaBraM base via sealed Braindecode 1.7.0 adaptation,formal_reproduction,full fine-tuning of converted official pretrained backbone with new 3-class head,"author checkpoint, state_dict-converted and identity-verified",86a40de11088b85291eb47b788b049d784e619a6b3f8e84accbf640b2c59eec3,4.0-common32,1017a3dd50d11ff9d92d987a40996fc2fd61ace99d465213bdb0316ff52aad06,32,MI-32 canonical channels; 250-to-200 Hz resampling; temporal embedding interpolation,0,validation,20260813,0.0001,32,30,16,2.899354007311147,0.46996685998343,0.435411109663782,0.4362745098039215,0.3690969345484672,0.3686826843413421,0.5710439105219552,0.5891673570836785,0.6072908036454018,0.5710439105219552,0.3688898094449047,0.6074351978171897,5864,19312,45,"[[1782, 1149, 1897], [1153, 1780, 1895], [2052, 2090, 5514]]",validation macro_f1,False,completed single subject-held-out fold
6,LaBraM,EEG foundation model,official LaBraM base via sealed Braindecode 1.7.0 adaptation,formal_reproduction,full fine-tuning of converted official pretrained backbone with new 3-class head,"author checkpoint, state_dict-converted and identity-verified",86a40de11088b85291eb47b788b049d784e619a6b3f8e84accbf640b2c59eec3,4.0-common32,1017a3dd50d11ff9d92d987a40996fc2fd61ace99d465213bdb0316ff52aad06,32,MI-32 canonical channels; 250-to-200 Hz resampling; temporal embedding interpolation,0,test,20260813,0.0001,32,30,16,3.017126149832384,0.4383851194250687,0.4143962733009098,0.4187979990135982,0.3688437962375819,0.3904037201437328,0.49714648065948,0.577996195307546,0.6588459099556119,0.49714648065948,0.3796237581906573,0.5761950593519409,6234,18924,45,"[[1745, 1352, 1634], [1290, 1847, 1594], [2315, 2443, 4704]]",validation macro_f1,False,completed single subject-held-out fold
7,CodeBrain,EEG foundation model,official CodeBrain repository architecture with flatten-all-patches MI-32 adaptation,formal_reproduction,full fine-tuning of official pretrained backbone with official-style flatten head,official CodeBrain pretrained checkpoint,d9714b8732c9883a04d022ee66254cd578ae1fa27f5458e6ab7f1aa96e9a7352,4.0-common32,1017a3dd50d11ff9d92d987a40996fc2fd61ace99d465213bdb0316ff52aad06,32,official 32-channel pass-through; anti-aliased 250-to-200 Hz; 3x200 flatten-all-patches head,0,validation,20260813,3e-05,16,30,8,1.1316728450083224,0.5337096106048053,0.5152690074846727,0.5234051367025684,0.5031068765534383,0.5024855012427506,0.5646230323115161,0.6425538525269263,0.7204846727423364,0.5646230323115161,0.5027961888980944,0.6978582722437833,6957,19312,45,"[[2429, 1019, 1380], [1083, 2426, 1319], [1814, 2390, 5452]]",validation macro_f1,False,completed single subject-held-out fold
7,CodeBrain,EEG foundation model,official CodeBrain repository architecture with flatten-all-patches MI-32 adaptation,formal_reproduction,full fine-tuning of official pretrained backbone with official-style flatten head,official CodeBrain pretrained checkpoint,d9714b8732c9883a04d022ee66254cd578ae1fa27f5458e6ab7f1aa96e9a7352,4.0-common32,1017a3dd50d11ff9d92d987a40996fc2fd61ace99d465213bdb0316ff52aad06,32,official 32-channel pass-through; anti-aliased 250-to-200 Hz; 3x200 flatten-all-patches head,0,test,20260813,3e-05,16,30,8,1.1647853235995838,0.4877404354259141,0.4819527640476203,0.5069400408652153,0.4631156203762418,0.627562883111393,0.4301416191080109,0.6211688860705982,0.8121961530331854,0.4301416191080109,0.5453392517438174,0.6714378659726741,7685,18924,45,"[[2191, 1568, 972], [957, 2969, 805], [1831, 3561, 4070]]",validation macro_f1,False,completed single subject-held-out fold
