subject_id,subject_name,source_dataset,source_subject,source_file
0,subject_000,BNCI2014_001,S001,BNCI2014_001.npz
1,subject_001,BNCI2014_001,S002,BNCI2014_001.npz
2,subject_002,BNCI2014_001,S003,BNCI2014_001.npz
3,subject_003,BNCI2014_001,S004,BNCI2014_001.npz
4,subject_004,BNCI2014_001,S005,BNCI2014_001.npz
5,subject_005,BNCI2014_001,S006,BNCI2014_001.npz
6,subject_006,BNCI2014_001,S007,BNCI2014_001.npz
7,subject_007,BNCI2014_001,S008,BNCI2014_001.npz
8,subject_008,BNCI2014_001,S009,BNCI2014_001.npz
9,subject_009,PhysionetMI,S001,PhysionetMI.npz
10,subject_010,PhysionetMI,S002,PhysionetMI.npz
11,subject_011,PhysionetMI,S003,PhysionetMI.npz
12,subject_012,PhysionetMI,S004,PhysionetMI.npz
13,subject_013,PhysionetMI,S005,PhysionetMI.npz
14,subject_014,PhysionetMI,S006,PhysionetMI.npz
15,subject_015,PhysionetMI,S007,PhysionetMI.npz
16,subject_016,PhysionetMI,S008,PhysionetMI.npz
17,subject_017,PhysionetMI,S009,PhysionetMI.npz
18,subject_018,PhysionetMI,S010,PhysionetMI.npz
19,subject_019,PhysionetMI,S011,PhysionetMI.npz
20,subject_020,PhysionetMI,S012,PhysionetMI.npz
21,subject_021,PhysionetMI,S013,PhysionetMI.npz
22,subject_022,PhysionetMI,S014,PhysionetMI.npz
23,subject_023,PhysionetMI,S015,PhysionetMI.npz
24,subject_024,PhysionetMI,S016,PhysionetMI.npz
25,subject_025,PhysionetMI,S017,PhysionetMI.npz
26,subject_026,PhysionetMI,S018,PhysionetMI.npz
27,subject_027,PhysionetMI,S019,PhysionetMI.npz
28,subject_028,PhysionetMI,S020,PhysionetMI.npz
29,subject_029,PhysionetMI,S021,PhysionetMI.npz
30,subject_030,PhysionetMI,S022,PhysionetMI.npz
31,subject_031,PhysionetMI,S023,PhysionetMI.npz
32,subject_032,PhysionetMI,S024,PhysionetMI.npz
33,subject_033,PhysionetMI,S025,PhysionetMI.npz
34,subject_034,PhysionetMI,S026,PhysionetMI.npz
35,subject_035,PhysionetMI,S027,PhysionetMI.npz
36,subject_036,PhysionetMI,S028,PhysionetMI.npz
37,subject_037,PhysionetMI,S029,PhysionetMI.npz
38,subject_038,PhysionetMI,S030,PhysionetMI.npz
39,subject_039,PhysionetMI,S031,PhysionetMI.npz
40,subject_040,PhysionetMI,S032,PhysionetMI.npz
41,subject_041,PhysionetMI,S033,PhysionetMI.npz
42,subject_042,PhysionetMI,S034,PhysionetMI.npz
43,subject_043,PhysionetMI,S035,PhysionetMI.npz
44,subject_044,PhysionetMI,S036,PhysionetMI.npz
45,subject_045,PhysionetMI,S037,PhysionetMI.npz
46,subject_046,PhysionetMI,S038,PhysionetMI.npz
47,subject_047,PhysionetMI,S039,PhysionetMI.npz
48,subject_048,PhysionetMI,S040,PhysionetMI.npz
49,subject_049,PhysionetMI,S041,PhysionetMI.npz
50,subject_050,PhysionetMI,S042,PhysionetMI.npz
51,subject_051,PhysionetMI,S043,PhysionetMI.npz
52,subject_052,PhysionetMI,S044,PhysionetMI.npz
53,subject_053,PhysionetMI,S045,PhysionetMI.npz
54,subject_054,PhysionetMI,S046,PhysionetMI.npz
55,subject_055,PhysionetMI,S047,PhysionetMI.npz
56,subject_056,PhysionetMI,S048,PhysionetMI.npz
57,subject_057,PhysionetMI,S049,PhysionetMI.npz
58,subject_058,PhysionetMI,S050,PhysionetMI.npz
59,subject_059,PhysionetMI,S051,PhysionetMI.npz
60,subject_060,PhysionetMI,S052,PhysionetMI.npz
61,subject_061,PhysionetMI,S053,PhysionetMI.npz
62,subject_062,PhysionetMI,S054,PhysionetMI.npz
63,subject_063,PhysionetMI,S055,PhysionetMI.npz
64,subject_064,PhysionetMI,S056,PhysionetMI.npz
65,subject_065,PhysionetMI,S057,PhysionetMI.npz
66,subject_066,PhysionetMI,S058,PhysionetMI.npz
67,subject_067,PhysionetMI,S059,PhysionetMI.npz
68,subject_068,PhysionetMI,S060,PhysionetMI.npz
69,subject_069,PhysionetMI,S061,PhysionetMI.npz
70,subject_070,PhysionetMI,S062,PhysionetMI.npz
71,subject_071,PhysionetMI,S063,PhysionetMI.npz
72,subject_072,PhysionetMI,S064,PhysionetMI.npz
73,subject_073,PhysionetMI,S065,PhysionetMI.npz
74,subject_074,PhysionetMI,S066,PhysionetMI.npz
75,subject_075,PhysionetMI,S067,PhysionetMI.npz
76,subject_076,PhysionetMI,S068,PhysionetMI.npz
77,subject_077,PhysionetMI,S069,PhysionetMI.npz
78,subject_078,PhysionetMI,S070,PhysionetMI.npz
79,subject_079,PhysionetMI,S071,PhysionetMI.npz
80,subject_080,PhysionetMI,S072,PhysionetMI.npz
81,subject_081,PhysionetMI,S073,PhysionetMI.npz
82,subject_082,PhysionetMI,S074,PhysionetMI.npz
83,subject_083,PhysionetMI,S075,PhysionetMI.npz
84,subject_084,PhysionetMI,S076,PhysionetMI.npz
85,subject_085,PhysionetMI,S077,PhysionetMI.npz
86,subject_086,PhysionetMI,S078,PhysionetMI.npz
87,subject_087,PhysionetMI,S079,PhysionetMI.npz
88,subject_088,PhysionetMI,S080,PhysionetMI.npz
89,subject_089,PhysionetMI,S081,PhysionetMI.npz
90,subject_090,PhysionetMI,S082,PhysionetMI.npz
91,subject_091,PhysionetMI,S083,PhysionetMI.npz
92,subject_092,PhysionetMI,S084,PhysionetMI.npz
93,subject_093,PhysionetMI,S085,PhysionetMI.npz
94,subject_094,PhysionetMI,S086,PhysionetMI.npz
95,subject_095,PhysionetMI,S087,PhysionetMI.npz
96,subject_096,PhysionetMI,S088,PhysionetMI.npz
97,subject_097,PhysionetMI,S089,PhysionetMI.npz
98,subject_098,PhysionetMI,S090,PhysionetMI.npz
99,subject_099,PhysionetMI,S091,PhysionetMI.npz
100,subject_100,PhysionetMI,S092,PhysionetMI.npz
101,subject_101,PhysionetMI,S093,PhysionetMI.npz
102,subject_102,PhysionetMI,S094,PhysionetMI.npz
103,subject_103,PhysionetMI,S095,PhysionetMI.npz
104,subject_104,PhysionetMI,S096,PhysionetMI.npz
105,subject_105,PhysionetMI,S097,PhysionetMI.npz
106,subject_106,PhysionetMI,S098,PhysionetMI.npz
107,subject_107,PhysionetMI,S099,PhysionetMI.npz
108,subject_108,PhysionetMI,S100,PhysionetMI.npz
109,subject_109,PhysionetMI,S101,PhysionetMI.npz
110,subject_110,PhysionetMI,S102,PhysionetMI.npz
111,subject_111,PhysionetMI,S103,PhysionetMI.npz
112,subject_112,PhysionetMI,S104,PhysionetMI.npz
113,subject_113,PhysionetMI,S105,PhysionetMI.npz
114,subject_114,PhysionetMI,S106,PhysionetMI.npz
115,subject_115,PhysionetMI,S107,PhysionetMI.npz
116,subject_116,PhysionetMI,S108,PhysionetMI.npz
117,subject_117,PhysionetMI,S109,PhysionetMI.npz
118,subject_118,Schirrmeister2017,S001,Schirrmeister2017.npz
119,subject_119,Schirrmeister2017,S002,Schirrmeister2017.npz
120,subject_120,Schirrmeister2017,S003,Schirrmeister2017.npz
121,subject_121,Schirrmeister2017,S004,Schirrmeister2017.npz
122,subject_122,Schirrmeister2017,S005,Schirrmeister2017.npz
123,subject_123,Schirrmeister2017,S006,Schirrmeister2017.npz
124,subject_124,Schirrmeister2017,S007,Schirrmeister2017.npz
125,subject_125,Schirrmeister2017,S008,Schirrmeister2017.npz
126,subject_126,Schirrmeister2017,S009,Schirrmeister2017.npz
127,subject_127,Schirrmeister2017,S010,Schirrmeister2017.npz
128,subject_128,Schirrmeister2017,S011,Schirrmeister2017.npz
129,subject_129,Schirrmeister2017,S012,Schirrmeister2017.npz
130,subject_130,Schirrmeister2017,S013,Schirrmeister2017.npz
131,subject_131,Schirrmeister2017,S014,Schirrmeister2017.npz
132,subject_132,Stieger2021,S001,Stieger2021.npz
133,subject_133,Stieger2021,S002,Stieger2021.npz
134,subject_134,Stieger2021,S003,Stieger2021.npz
135,subject_135,Stieger2021,S004,Stieger2021.npz
136,subject_136,Stieger2021,S005,Stieger2021.npz
137,subject_137,Stieger2021,S006,Stieger2021.npz
138,subject_138,Stieger2021,S007,Stieger2021.npz
139,subject_139,Stieger2021,S008,Stieger2021.npz
140,subject_140,Stieger2021,S009,Stieger2021.npz
141,subject_141,Stieger2021,S010,Stieger2021.npz
142,subject_142,Stieger2021,S011,Stieger2021.npz
143,subject_143,Stieger2021,S012,Stieger2021.npz
144,subject_144,Stieger2021,S013,Stieger2021.npz
145,subject_145,Stieger2021,S014,Stieger2021.npz
146,subject_146,Stieger2021,S015,Stieger2021.npz
147,subject_147,Stieger2021,S016,Stieger2021.npz
148,subject_148,Stieger2021,S017,Stieger2021.npz
149,subject_149,Stieger2021,S018,Stieger2021.npz
150,subject_150,Stieger2021,S019,Stieger2021.npz
151,subject_151,Stieger2021,S020,Stieger2021.npz
152,subject_152,Stieger2021,S021,Stieger2021.npz
153,subject_153,Stieger2021,S022,Stieger2021.npz
154,subject_154,Stieger2021,S023,Stieger2021.npz
155,subject_155,Stieger2021,S024,Stieger2021.npz
156,subject_156,Stieger2021,S025,Stieger2021.npz
157,subject_157,Stieger2021,S026,Stieger2021.npz
158,subject_158,Stieger2021,S027,Stieger2021.npz
159,subject_159,Stieger2021,S028,Stieger2021.npz
160,subject_160,Stieger2021,S029,Stieger2021.npz
161,subject_161,Stieger2021,S030,Stieger2021.npz
162,subject_162,Stieger2021,S031,Stieger2021.npz
163,subject_163,Stieger2021,S032,Stieger2021.npz
164,subject_164,Stieger2021,S033,Stieger2021.npz
165,subject_165,Stieger2021,S034,Stieger2021.npz
166,subject_166,Stieger2021,S035,Stieger2021.npz
167,subject_167,Stieger2021,S036,Stieger2021.npz
168,subject_168,Stieger2021,S037,Stieger2021.npz
169,subject_169,Stieger2021,S038,Stieger2021.npz
170,subject_170,Stieger2021,S039,Stieger2021.npz
171,subject_171,Stieger2021,S040,Stieger2021.npz
172,subject_172,Stieger2021,S041,Stieger2021.npz
173,subject_173,Stieger2021,S042,Stieger2021.npz
174,subject_174,Stieger2021,S043,Stieger2021.npz
175,subject_175,Stieger2021,S044,Stieger2021.npz
176,subject_176,Stieger2021,S045,Stieger2021.npz
177,subject_177,Stieger2021,S046,Stieger2021.npz
178,subject_178,Stieger2021,S047,Stieger2021.npz
179,subject_179,Stieger2021,S048,Stieger2021.npz
180,subject_180,Stieger2021,S049,Stieger2021.npz
181,subject_181,Stieger2021,S050,Stieger2021.npz
182,subject_182,Stieger2021,S051,Stieger2021.npz
183,subject_183,Stieger2021,S052,Stieger2021.npz
184,subject_184,Stieger2021,S053,Stieger2021.npz
185,subject_185,Stieger2021,S054,Stieger2021.npz
186,subject_186,Stieger2021,S055,Stieger2021.npz
187,subject_187,Stieger2021,S056,Stieger2021.npz
188,subject_188,Stieger2021,S057,Stieger2021.npz
189,subject_189,Stieger2021,S058,Stieger2021.npz
190,subject_190,Stieger2021,S059,Stieger2021.npz
191,subject_191,Stieger2021,S060,Stieger2021.npz
192,subject_192,Stieger2021,S061,Stieger2021.npz
193,subject_193,Stieger2021,S062,Stieger2021.npz
194,subject_194,Wairagkar2018,S001,Wairagkar2018.npz
195,subject_195,Wairagkar2018,S002,Wairagkar2018.npz
196,subject_196,Wairagkar2018,S003,Wairagkar2018.npz
197,subject_197,Wairagkar2018,S004,Wairagkar2018.npz
198,subject_198,Wairagkar2018,S005,Wairagkar2018.npz
199,subject_199,Wairagkar2018,S006,Wairagkar2018.npz
200,subject_200,Wairagkar2018,S007,Wairagkar2018.npz
201,subject_201,Wairagkar2018,S008,Wairagkar2018.npz
202,subject_202,Wairagkar2018,S009,Wairagkar2018.npz
203,subject_203,Wairagkar2018,S010,Wairagkar2018.npz
204,subject_204,Wairagkar2018,S011,Wairagkar2018.npz
205,subject_205,Wairagkar2018,S012,Wairagkar2018.npz
206,subject_206,Wairagkar2018,S013,Wairagkar2018.npz
207,subject_207,Wairagkar2018,S014,Wairagkar2018.npz
208,subject_208,Weibo2014,S001,Weibo2014.npz
209,subject_209,Weibo2014,S002,Weibo2014.npz
210,subject_210,Weibo2014,S003,Weibo2014.npz
211,subject_211,Weibo2014,S004,Weibo2014.npz
212,subject_212,Weibo2014,S005,Weibo2014.npz
213,subject_213,Weibo2014,S006,Weibo2014.npz
214,subject_214,Weibo2014,S007,Weibo2014.npz
215,subject_215,Weibo2014,S008,Weibo2014.npz
216,subject_216,Weibo2014,S009,Weibo2014.npz
217,subject_217,Weibo2014,S010,Weibo2014.npz
218,subject_218,Zhou2016,S001,Zhou2016.npz
219,subject_219,Zhou2016,S002,Zhou2016.npz
220,subject_220,Zhou2016,S003,Zhou2016.npz
221,subject_221,Zhou2016,S004,Zhou2016.npz
222,subject_222,Zhou2020,S013,Zhou2020.npz
223,subject_223,Zhou2020,S014,Zhou2020.npz
224,subject_224,Zhou2020,S015,Zhou2020.npz
225,subject_225,Zhou2020,S016,Zhou2020.npz
226,subject_226,Zhou2020,S017,Zhou2020.npz
227,subject_227,Zhou2020,S018,Zhou2020.npz
228,subject_228,Zhou2020,S019,Zhou2020.npz
229,subject_229,Zhou2020,S020,Zhou2020.npz
