trial_id,subject_id,subject_name,subject_trial_id,label,dataset,source_subject,session,run,source_trial,reason,peak_abs_v,rms_v,flat_channels
5313,12,subject_012,73,2,PhysionetMI,S004,0,4,115,robust_extreme_review,3.836126415990293e-05,5.506331188995959e-06,0
5318,12,subject_012,78,2,PhysionetMI,S004,0,4,129,robust_extreme_review,5.371517545427196e-05,5.358810998475994e-06,0
12254,92,subject_092,82,2,PhysionetMI,S084,0,5,140,robust_extreme_review,0.0005533602670766,3.001518748569473e-05,0
15199,119,subject_119,251,1,Schirrmeister2017,S002,0,0train,253,robust_extreme_review,0.0004730818327516,4.430252019153193e-05,0
17291,121,subject_121,335,2,Schirrmeister2017,S004,0,0train,336,robust_extreme_review,0.0004924008972011,4.4233123746214354e-05,0
26857,130,subject_130,913,0,Schirrmeister2017,S013,0,1test,913,robust_extreme_review,0.0001134510894189,3.367982576212383e-06,0
28708,132,subject_132,764,0,Stieger2021,S001,8,0,1624,robust_extreme_review,0.0008532047504559,2.39162586962282e-05,0
44940,150,subject_150,784,0,Stieger2021,S019,6,0,1329,robust_extreme_review,0.0003273217007517,8.11640117978019e-06,0
45001,150,subject_150,845,1,Stieger2021,S019,6,0,1425,robust_extreme_review,0.0004518373461905,9.547938447286017e-06,0
45035,150,subject_150,879,2,Stieger2021,S019,6,0,1485,robust_extreme_review,0.0005404913099482,1.0184650970110428e-05,0
45237,150,subject_150,1081,2,Stieger2021,S019,8,0,1819,robust_extreme_review,0.0002780210343189,9.49092929647775e-06,0
45264,150,subject_150,1108,0,Stieger2021,S019,9,0,1876,robust_extreme_review,0.0001977135252673,7.13353117000659e-06,0
48765,155,subject_155,877,0,Stieger2021,S024,8,0,1783,robust_extreme_review,0.0005592492525465,1.761941595861297e-05,0
53941,162,subject_162,109,0,Stieger2021,S031,1,0,172,robust_extreme_review,0.0004725131730083,1.1406648349561397e-05,0
53948,162,subject_162,116,2,Stieger2021,S031,1,0,180,robust_extreme_review,0.0003131841076537,5.300437401424264e-06,0
54532,162,subject_162,700,2,Stieger2021,S031,4,0,1050,robust_extreme_review,0.0004374029522296,1.0271814940379472e-05,0
58484,166,subject_166,504,2,Stieger2021,S035,3,0,827,robust_extreme_review,0.000523449270986,2.401726960829652e-05,0
62801,172,subject_172,261,1,Stieger2021,S041,2,0,556,robust_extreme_review,0.0004832415434066,2.142616402934043e-05,0
62804,172,subject_172,264,1,Stieger2021,S041,2,0,563,robust_extreme_review,0.0008859829977154,2.251341169623301e-05,0
62806,172,subject_172,266,0,Stieger2021,S041,2,0,575,robust_extreme_review,0.0006115285796113,1.9560269923958635e-05,0
62807,172,subject_172,267,0,Stieger2021,S041,2,0,582,robust_extreme_review,0.0006665345281362,2.434607673801569e-05,0
64031,174,subject_174,363,0,Stieger2021,S043,6,0,671,robust_extreme_review,0.0014049288583919,1.4569936141417866e-05,0
66187,178,subject_178,443,0,Stieger2021,S047,2,0,749,robust_extreme_review,0.0007235106313601,1.6391752021773703e-05,0
69659,182,subject_182,375,2,Stieger2021,S051,3,0,575,robust_extreme_review,0.0003636318142525,9.247847207817989e-06,0
69783,182,subject_182,499,1,Stieger2021,S051,5,0,758,robust_extreme_review,0.0003853314265143,9.774886294820997e-06,0
79883,206,subject_206,79,0,Wairagkar2018,S013,0,0,114,robust_extreme_review,0.0002265925577376,2.96311288006792e-05,0
83448,219,subject_219,40,0,Zhou2016,S002,0,0,58,robust_extreme_review,0.000250653916737,9.529409507934708e-06,0
83596,219,subject_219,188,2,Zhou2016,S002,1,1,281,robust_extreme_review,0.001646171673201,3.809723699931801e-05,0
83597,219,subject_219,189,2,Zhou2016,S002,1,1,282,robust_extreme_review,8.530951163265854e-05,6.7838612135932544e-06,0
83598,219,subject_219,190,1,Zhou2016,S002,1,1,284,robust_extreme_review,0.0006491236854344,3.1774317201790073e-05,0
83866,220,subject_220,170,2,Zhou2016,S003,1,1,255,robust_extreme_review,0.0004530556325335,1.3168373335673348e-05,0
84135,221,subject_221,139,2,Zhou2016,S004,1,0,206,robust_extreme_review,0.0001932472659973,7.0116142274289925e-06,0
84167,221,subject_221,171,1,Zhou2016,S004,1,1,257,robust_extreme_review,0.0009360501426272,4.462769569284823e-05,0
84326,222,subject_222,42,1,Zhou2020,S013,0,1,42,robust_extreme_review,0.0003363192663528,8.793389482219771e-06,0
85018,222,subject_222,734,1,Zhou2020,S013,3,1,734,robust_extreme_review,0.0006521724280901,2.37094713622688e-05,0
85019,222,subject_222,735,2,Zhou2020,S013,3,1,735,robust_extreme_review,0.0015205786330625,5.1024504181431344e-05,0
85020,222,subject_222,736,2,Zhou2020,S013,3,1,736,robust_extreme_review,0.0006984397768974,4.841213286024954e-05,0
85021,222,subject_222,737,2,Zhou2020,S013,3,1,737,robust_extreme_review,0.0011726110242307,7.684494860319278e-05,0
85022,222,subject_222,738,2,Zhou2020,S013,3,1,738,robust_extreme_review,0.0002667892549652,1.9213584174409296e-05,0
85023,222,subject_222,739,2,Zhou2020,S013,3,1,739,robust_extreme_review,0.0003426253097131,2.216596657663781e-05,0
85024,222,subject_222,740,1,Zhou2020,S013,3,1,740,robust_extreme_review,0.0003084826457779,2.4177595642978577e-05,0
85025,222,subject_222,741,2,Zhou2020,S013,3,1,741,robust_extreme_review,0.0004120138764847,2.8394857807014155e-05,0
85026,222,subject_222,742,2,Zhou2020,S013,3,1,742,robust_extreme_review,0.0006239241920411,3.219269283400618e-05,0
85027,222,subject_222,743,0,Zhou2020,S013,3,1,743,robust_extreme_review,0.0003252802998758,2.407311348841652e-05,0
85028,222,subject_222,744,0,Zhou2020,S013,3,1,744,robust_extreme_review,0.0003898330323863,1.821351339823507e-05,0
85029,222,subject_222,745,0,Zhou2020,S013,3,1,745,robust_extreme_review,0.0007103432435542,1.7707347354454534e-05,0
85030,222,subject_222,746,2,Zhou2020,S013,3,1,746,robust_extreme_review,0.0003859470307361,1.077473797844902e-05,0
85031,222,subject_222,747,0,Zhou2020,S013,3,1,747,robust_extreme_review,0.0002951287606265,1.3631830142485908e-05,0
85032,222,subject_222,748,2,Zhou2020,S013,3,1,748,robust_extreme_review,0.0003715320781338,1.0514601209923035e-05,0
85033,222,subject_222,749,0,Zhou2020,S013,3,1,749,robust_extreme_review,0.0005470527685247,2.8619189059794416e-05,0
85034,222,subject_222,750,0,Zhou2020,S013,3,1,750,robust_extreme_review,0.0007945144316181,3.186064516986776e-05,0
85035,222,subject_222,751,1,Zhou2020,S013,3,1,751,robust_extreme_review,0.0002721895289141,1.7044226581781676e-05,0
85044,222,subject_222,760,2,Zhou2020,S013,3,2,760,robust_extreme_review,0.0003779086109716,2.6993873786220893e-05,0
85045,222,subject_222,761,2,Zhou2020,S013,3,2,761,robust_extreme_review,0.0002844538539648,1.841082277502829e-05,0
85046,222,subject_222,762,1,Zhou2020,S013,3,2,762,robust_extreme_review,0.00043327032472,2.816152442399352e-05,0
85047,222,subject_222,763,0,Zhou2020,S013,3,2,763,robust_extreme_review,0.00052074046107,2.7716726600218944e-05,0
85048,222,subject_222,764,2,Zhou2020,S013,3,2,764,robust_extreme_review,0.0006414615199901,3.3613214598647464e-05,0
85050,222,subject_222,766,2,Zhou2020,S013,3,2,766,robust_extreme_review,0.0007811195682734,2.680612787326405e-05,0
85051,222,subject_222,767,1,Zhou2020,S013,3,2,767,robust_extreme_review,0.000941771257203,6.011049881508053e-05,0
85052,222,subject_222,768,0,Zhou2020,S013,3,2,768,robust_extreme_review,0.0006323208799585,3.82746358393456e-05,0
85053,222,subject_222,769,2,Zhou2020,S013,3,2,769,robust_extreme_review,0.0006453582900576,3.761535826049806e-05,0
85054,222,subject_222,770,1,Zhou2020,S013,3,2,770,robust_extreme_review,0.0005528962356038,3.792081660350197e-05,0
85055,222,subject_222,771,2,Zhou2020,S013,3,2,771,robust_extreme_review,0.000545953924302,3.86107146091766e-05,0
85056,222,subject_222,772,2,Zhou2020,S013,3,2,772,robust_extreme_review,0.0006204689270816,4.243641005993607e-05,0
85057,222,subject_222,773,0,Zhou2020,S013,3,2,773,robust_extreme_review,0.0009615795570425,5.334439753017794e-05,0
85058,222,subject_222,774,2,Zhou2020,S013,3,2,774,robust_extreme_review,0.0008981298306025,3.2450851369284265e-05,0
85059,222,subject_222,775,0,Zhou2020,S013,3,2,775,robust_extreme_review,0.0007564956322312,1.9826446724496468e-05,0
85060,222,subject_222,776,0,Zhou2020,S013,3,2,776,robust_extreme_review,0.0008223588811233,3.080450289058952e-05,0
85061,222,subject_222,777,2,Zhou2020,S013,3,2,777,robust_extreme_review,0.0006880715955048,3.173747884221318e-05,0
85062,222,subject_222,778,0,Zhou2020,S013,3,2,778,robust_extreme_review,0.0007251958013512,3.023731793886016e-05,0
85063,222,subject_222,779,1,Zhou2020,S013,3,2,779,robust_extreme_review,0.0004615057550836,2.1871921050889628e-05,0
85064,222,subject_222,780,1,Zhou2020,S013,3,2,780,robust_extreme_review,0.0009042328456416,3.863007148222512e-05,0
85065,222,subject_222,781,1,Zhou2020,S013,3,2,781,robust_extreme_review,0.0005902959965169,1.88310349576398e-05,0
85066,222,subject_222,782,2,Zhou2020,S013,3,2,782,robust_extreme_review,0.0003657528432086,1.816623214035551e-05,0
85067,222,subject_222,783,1,Zhou2020,S013,3,2,783,robust_extreme_review,0.0004028468683827,1.4715614323574789e-05,0
85068,222,subject_222,784,1,Zhou2020,S013,3,2,784,robust_extreme_review,0.0003495168639346,1.4848247989726884e-05,0
85069,222,subject_222,785,2,Zhou2020,S013,3,2,785,robust_extreme_review,0.0003020474105142,1.7290131858266187e-05,0
85070,222,subject_222,786,0,Zhou2020,S013,3,2,786,robust_extreme_review,0.0006314410129562,2.4690859704194084e-05,0
85071,222,subject_222,787,2,Zhou2020,S013,3,2,787,robust_extreme_review,0.0003538608143571,1.4056628835946657e-05,0
85072,222,subject_222,788,0,Zhou2020,S013,3,2,788,robust_extreme_review,0.0007327256607823,1.884340379832781e-05,0
85074,222,subject_222,790,2,Zhou2020,S013,3,2,790,robust_extreme_review,0.0003501516475807,1.6473364323343456e-05,0
85077,222,subject_222,793,0,Zhou2020,S013,3,2,793,robust_extreme_review,0.0002849244629032,1.4984137579921098e-05,0
85078,222,subject_222,794,1,Zhou2020,S013,3,2,794,robust_extreme_review,0.0004697636177297,2.276749658973264e-05,0
85079,222,subject_222,795,2,Zhou2020,S013,3,2,795,robust_extreme_review,0.0002684777136892,1.759979662887361e-05,0
85080,222,subject_222,796,0,Zhou2020,S013,3,2,796,robust_extreme_review,0.0004557100764941,1.6110288152635064e-05,0
85081,222,subject_222,797,2,Zhou2020,S013,3,2,797,robust_extreme_review,0.0002743827644735,8.435919933901438e-06,0
85082,222,subject_222,798,2,Zhou2020,S013,3,2,798,robust_extreme_review,0.0005271648406051,3.044568081780215e-05,0
85083,222,subject_222,799,2,Zhou2020,S013,3,2,799,robust_extreme_review,0.0004515039618127,1.5435695309783396e-05,0
85084,222,subject_222,800,1,Zhou2020,S013,3,3,800,robust_extreme_review,0.0010733740637078,5.543428812181229e-05,0
85085,222,subject_222,801,0,Zhou2020,S013,3,3,801,robust_extreme_review,0.0009747515432536,5.938824181287504e-05,0
85086,222,subject_222,802,2,Zhou2020,S013,3,3,802,robust_extreme_review,0.0011240981984883,6.443260444091452e-05,0
85087,222,subject_222,803,2,Zhou2020,S013,3,3,803,robust_extreme_review,0.0006996261072345,4.885812550894643e-05,0
85088,222,subject_222,804,2,Zhou2020,S013,3,3,804,robust_extreme_review,0.0008132719667628,4.621676945007133e-05,0
85089,222,subject_222,805,2,Zhou2020,S013,3,3,805,robust_extreme_review,0.0008063926943577,5.017277272856737e-05,0
85090,222,subject_222,806,0,Zhou2020,S013,3,3,806,robust_extreme_review,0.0007167828152887,4.846721623634845e-05,0
85091,222,subject_222,807,0,Zhou2020,S013,3,3,807,robust_extreme_review,0.0006774542853236,4.005500537856461e-05,0
85092,222,subject_222,808,2,Zhou2020,S013,3,3,808,robust_extreme_review,0.0007236817036755,3.4057897478608326e-05,0
85093,222,subject_222,809,2,Zhou2020,S013,3,3,809,robust_extreme_review,0.0008699377067387,4.512158798321077e-05,0
85094,222,subject_222,810,2,Zhou2020,S013,3,3,810,robust_extreme_review,0.0008045627037063,4.189626779339721e-05,0
85095,222,subject_222,811,0,Zhou2020,S013,3,3,811,robust_extreme_review,0.0008826203411445,3.574922620870162e-05,0
85096,222,subject_222,812,1,Zhou2020,S013,3,3,812,robust_extreme_review,0.0003436967090237,2.3119287582878345e-05,0
85097,222,subject_222,813,2,Zhou2020,S013,3,3,813,robust_extreme_review,0.0003761721018236,2.6567349209115988e-05,0
85098,222,subject_222,814,0,Zhou2020,S013,3,3,814,robust_extreme_review,0.0003717996296472,2.4772555837366578e-05,0
85099,222,subject_222,815,1,Zhou2020,S013,3,3,815,robust_extreme_review,0.0004367619112599,2.851618240712727e-05,0
85100,222,subject_222,816,2,Zhou2020,S013,3,3,816,robust_extreme_review,0.0006544656353071,3.017566688643937e-05,0
85101,222,subject_222,817,1,Zhou2020,S013,3,3,817,robust_extreme_review,0.000480005168356,3.174249222114591e-05,0
85102,222,subject_222,818,0,Zhou2020,S013,3,3,818,robust_extreme_review,0.000423725170549,2.7716475533624607e-05,0
85103,222,subject_222,819,0,Zhou2020,S013,3,3,819,robust_extreme_review,0.0005087396712042,3.40251191771336e-05,0
85104,222,subject_222,820,2,Zhou2020,S013,3,3,820,robust_extreme_review,0.0007108614081516,3.2293245003381966e-05,0
85105,222,subject_222,821,0,Zhou2020,S013,3,3,821,robust_extreme_review,0.0004269862838555,1.830030026419846e-05,0
85106,222,subject_222,822,2,Zhou2020,S013,3,3,822,robust_extreme_review,0.0004178033268544,1.582585427338423e-05,0
85107,222,subject_222,823,2,Zhou2020,S013,3,3,823,robust_extreme_review,0.0002829377190209,1.665452536815493e-05,0
85108,222,subject_222,824,1,Zhou2020,S013,3,3,824,robust_extreme_review,0.0005379083449952,2.3772055964749127e-05,0
85109,222,subject_222,825,2,Zhou2020,S013,3,3,825,robust_extreme_review,0.0004156346549279,1.9987518892376736e-05,0
85110,222,subject_222,826,1,Zhou2020,S013,3,3,826,robust_extreme_review,0.0005472869379445,2.602664604337668e-05,0
85111,222,subject_222,827,1,Zhou2020,S013,3,3,827,robust_extreme_review,0.0005369823193177,2.0147624880031405e-05,0
85112,222,subject_222,828,2,Zhou2020,S013,3,3,828,robust_extreme_review,0.0007160937529988,3.412089859345791e-05,0
85113,222,subject_222,829,2,Zhou2020,S013,3,3,829,robust_extreme_review,0.0005682166083715,2.988492351811652e-05,0
85114,222,subject_222,830,1,Zhou2020,S013,3,3,830,robust_extreme_review,0.0005927419406361,2.1963650809048013e-05,0
85115,222,subject_222,831,0,Zhou2020,S013,3,3,831,robust_extreme_review,0.0006803235737606,4.329313552840216e-05,0
85116,222,subject_222,832,2,Zhou2020,S013,3,3,832,robust_extreme_review,0.0005578040727414,2.706547179563932e-05,0
85117,222,subject_222,833,0,Zhou2020,S013,3,3,833,robust_extreme_review,0.000770429323893,3.8641292111188176e-05,0
85118,222,subject_222,834,2,Zhou2020,S013,3,3,834,robust_extreme_review,0.000750474689994,3.1521607810560866e-05,0
85119,222,subject_222,835,2,Zhou2020,S013,3,3,835,robust_extreme_review,0.0004744285542983,2.582590917691132e-05,0
85120,222,subject_222,836,1,Zhou2020,S013,3,3,836,robust_extreme_review,0.0008173929527401,3.647058720084287e-05,0
85121,222,subject_222,837,2,Zhou2020,S013,3,3,837,robust_extreme_review,0.0007841114420443,4.811802261507247e-05,0
85122,222,subject_222,838,2,Zhou2020,S013,3,3,838,robust_extreme_review,0.0005975881940685,3.3601188772481505e-05,0
85123,222,subject_222,839,1,Zhou2020,S013,3,3,839,robust_extreme_review,0.0006649890565313,3.181125005350543e-05,0
85124,222,subject_222,840,2,Zhou2020,S013,3,4,840,robust_extreme_review,0.0004107509739696,2.262356285495125e-05,0
85125,222,subject_222,841,2,Zhou2020,S013,3,4,841,robust_extreme_review,0.0005310166743583,2.423617167951205e-05,0
85126,222,subject_222,842,1,Zhou2020,S013,3,4,842,robust_extreme_review,0.0004051430150866,2.679304221684555e-05,0
85127,222,subject_222,843,0,Zhou2020,S013,3,4,843,robust_extreme_review,0.000467398611363,3.3280962055086745e-05,0
85128,222,subject_222,844,2,Zhou2020,S013,3,4,844,robust_extreme_review,0.0005590497166849,3.869828332459029e-05,0
85129,222,subject_222,845,1,Zhou2020,S013,3,4,845,robust_extreme_review,0.0006041173473931,4.289600567625557e-05,0
85130,222,subject_222,846,2,Zhou2020,S013,3,4,846,robust_extreme_review,0.0006134890718385,4.612913161959027e-05,0
85131,222,subject_222,847,2,Zhou2020,S013,3,4,847,robust_extreme_review,0.0007230041665025,4.835074359547679e-05,0
85132,222,subject_222,848,2,Zhou2020,S013,3,4,848,robust_extreme_review,0.0009094584384001,5.1688429818493775e-05,0
85133,222,subject_222,849,1,Zhou2020,S013,3,4,849,robust_extreme_review,0.0006456703995354,5.0849177076421465e-05,0
85134,222,subject_222,850,2,Zhou2020,S013,3,4,850,robust_extreme_review,0.0008007076685316,5.026227810754388e-05,0
85135,222,subject_222,851,0,Zhou2020,S013,3,4,851,robust_extreme_review,0.0005637637223117,3.459737587218962e-05,0
85136,222,subject_222,852,0,Zhou2020,S013,3,4,852,robust_extreme_review,0.0004791542014572,3.141518160093826e-05,0
85137,222,subject_222,853,2,Zhou2020,S013,3,4,853,robust_extreme_review,0.0006805642042309,4.117865975481062e-05,0
85138,222,subject_222,854,2,Zhou2020,S013,3,4,854,robust_extreme_review,0.0009072683751583,5.651768550821345e-05,0
85139,222,subject_222,855,0,Zhou2020,S013,3,4,855,robust_extreme_review,0.0011895364150404,5.666111702756032e-05,0
85140,222,subject_222,856,0,Zhou2020,S013,3,4,856,robust_extreme_review,0.0009518490987829,3.920563104489341e-05,0
85141,222,subject_222,857,2,Zhou2020,S013,3,4,857,robust_extreme_review,0.0010046844836324,5.449098461377749e-05,0
85142,222,subject_222,858,1,Zhou2020,S013,3,4,858,robust_extreme_review,0.001335046486929,5.126304678738926e-05,0
85143,222,subject_222,859,2,Zhou2020,S013,3,4,859,robust_extreme_review,0.0005909880856052,3.079249981182386e-05,0
85144,222,subject_222,860,2,Zhou2020,S013,3,4,860,robust_extreme_review,0.0006647830596193,3.3118140128099835e-05,0
85145,222,subject_222,861,2,Zhou2020,S013,3,4,861,robust_extreme_review,0.0011514438083395,3.629323654068697e-05,0
85146,222,subject_222,862,0,Zhou2020,S013,3,4,862,robust_extreme_review,0.0007368808728642,3.233198280819054e-05,0
85147,222,subject_222,863,1,Zhou2020,S013,3,4,863,robust_extreme_review,0.0004344146000221,1.611735914148417e-05,0
85148,222,subject_222,864,0,Zhou2020,S013,3,4,864,robust_extreme_review,0.0011133908992633,3.618643787455038e-05,0
85149,222,subject_222,865,2,Zhou2020,S013,3,4,865,robust_extreme_review,0.0005431053577922,2.817227744143898e-05,0
85150,222,subject_222,866,2,Zhou2020,S013,3,4,866,robust_extreme_review,0.0004613988567143,2.3439930867760563e-05,0
85151,222,subject_222,867,2,Zhou2020,S013,3,4,867,robust_extreme_review,0.0005467063747346,2.9054489105347308e-05,0
85152,222,subject_222,868,1,Zhou2020,S013,3,4,868,robust_extreme_review,0.0003911023668479,2.521756944344857e-05,0
85153,222,subject_222,869,2,Zhou2020,S013,3,4,869,robust_extreme_review,0.0004537183849606,3.2853429463310934e-05,0
85154,222,subject_222,870,1,Zhou2020,S013,3,4,870,robust_extreme_review,0.0005172230303287,3.09104978130699e-05,0
85155,222,subject_222,871,0,Zhou2020,S013,3,4,871,robust_extreme_review,0.0009197075269185,2.8801992947282303e-05,0
85156,222,subject_222,872,2,Zhou2020,S013,3,4,872,robust_extreme_review,0.0004242020659148,2.6330343389711e-05,0
85157,222,subject_222,873,0,Zhou2020,S013,3,4,873,robust_extreme_review,0.0005698841414414,2.809017892952154e-05,0
85158,222,subject_222,874,2,Zhou2020,S013,3,4,874,robust_extreme_review,0.0003944156051147,1.8290524604615604e-05,0
85159,222,subject_222,875,2,Zhou2020,S013,3,4,875,robust_extreme_review,0.0003435381804592,2.32412055636012e-05,0
85160,222,subject_222,876,1,Zhou2020,S013,3,4,876,robust_extreme_review,0.0002716197341214,1.3337850280813289e-05,0
85161,222,subject_222,877,0,Zhou2020,S013,3,4,877,robust_extreme_review,0.0004629080067388,2.839559954851933e-05,0
85162,222,subject_222,878,1,Zhou2020,S013,3,4,878,robust_extreme_review,0.0004688444605562,2.5030105800631117e-05,0
85163,222,subject_222,879,1,Zhou2020,S013,3,4,879,robust_extreme_review,0.0007638580282218,2.547400932475421e-05,0
85165,222,subject_222,881,0,Zhou2020,S013,3,5,881,robust_extreme_review,0.0005409250152297,2.0012600231438308e-05,0
85166,222,subject_222,882,0,Zhou2020,S013,3,5,882,robust_extreme_review,0.0004244256706442,2.297468734362587e-05,0
85167,222,subject_222,883,2,Zhou2020,S013,3,5,883,robust_extreme_review,0.0004818093730136,1.5011166439510624e-05,0
85168,222,subject_222,884,1,Zhou2020,S013,3,5,884,robust_extreme_review,0.0005544017185457,2.5676631626920505e-05,0
85170,222,subject_222,886,0,Zhou2020,S013,3,5,886,robust_extreme_review,0.0005172568489797,1.97543193963606e-05,0
85171,222,subject_222,887,1,Zhou2020,S013,3,5,887,robust_extreme_review,0.0004907171824015,1.821210622764036e-05,0
85172,222,subject_222,888,2,Zhou2020,S013,3,5,888,robust_extreme_review,0.000283186789602,1.6279562484833018e-05,0
85174,222,subject_222,890,0,Zhou2020,S013,3,5,890,robust_extreme_review,0.0003232545568607,1.6355532922822715e-05,0
85175,222,subject_222,891,2,Zhou2020,S013,3,5,891,robust_extreme_review,0.0004819241294171,2.331382386422829e-05,0
85176,222,subject_222,892,2,Zhou2020,S013,3,5,892,robust_extreme_review,0.0003127119271084,1.4933151676290186e-05,0
85177,222,subject_222,893,2,Zhou2020,S013,3,5,893,robust_extreme_review,0.0004146664578001,2.1509623486048675e-05,0
85178,222,subject_222,894,1,Zhou2020,S013,3,5,894,robust_extreme_review,0.0002668891102075,1.3965894038970864e-05,0
85183,222,subject_222,899,2,Zhou2020,S013,3,5,899,robust_extreme_review,0.0003776706871576,1.7447118358862727e-05,0
85184,222,subject_222,900,2,Zhou2020,S013,3,5,900,robust_extreme_review,0.0003830413043033,1.823003645943166e-05,0
85185,222,subject_222,901,2,Zhou2020,S013,3,5,901,robust_extreme_review,0.0003223075764253,1.3687013180880018e-05,0
85186,222,subject_222,902,2,Zhou2020,S013,3,5,902,robust_extreme_review,0.000302026659483,1.3499361550867787e-05,0
85188,222,subject_222,904,2,Zhou2020,S013,3,5,904,robust_extreme_review,0.0002671423135325,1.2394432167491818e-05,0
85189,222,subject_222,905,2,Zhou2020,S013,3,5,905,robust_extreme_review,0.0003419359272811,1.586634388788868e-05,0
85190,222,subject_222,906,2,Zhou2020,S013,3,5,906,robust_extreme_review,0.0003293989575468,1.7723480234854693e-05,0
85191,222,subject_222,907,2,Zhou2020,S013,3,5,907,robust_extreme_review,0.0003070166276302,1.0673375639982e-05,0
85192,222,subject_222,908,0,Zhou2020,S013,3,5,908,robust_extreme_review,0.000328589027049,1.4557050838757298e-05,0
85193,222,subject_222,909,1,Zhou2020,S013,3,5,909,robust_extreme_review,0.0002717135939747,1.5312087602902903e-05,0
85194,222,subject_222,910,1,Zhou2020,S013,3,5,910,robust_extreme_review,0.0002720801276154,1.1588217076252996e-05,0
85295,222,subject_222,1011,0,Zhou2020,S013,4,2,1011,robust_extreme_review,0.0002919270482379,7.431217024942258e-06,0
85298,222,subject_222,1014,0,Zhou2020,S013,4,2,1014,robust_extreme_review,0.0002960175916086,7.359119553699074e-06,0
85303,222,subject_222,1019,1,Zhou2020,S013,4,2,1019,robust_extreme_review,0.0002922673593275,7.701853446372654e-06,0
85306,222,subject_222,1022,1,Zhou2020,S013,4,2,1022,robust_extreme_review,0.0003071231767535,8.266911925290803e-06,0
88312,224,subject_224,748,2,Zhou2020,S015,3,1,748,robust_extreme_review,0.0002422940015094,1.7748072167914264e-05,0
88314,224,subject_224,750,2,Zhou2020,S015,3,1,750,robust_extreme_review,0.0002661258040461,1.952504718808232e-05,0
88315,224,subject_224,751,2,Zhou2020,S015,3,1,751,robust_extreme_review,0.000213977866224,1.5139720080841238e-05,0
88316,224,subject_224,752,1,Zhou2020,S015,3,1,752,robust_extreme_review,0.0002563040179666,2.133782250316274e-05,0
88317,224,subject_224,753,2,Zhou2020,S015,3,1,753,robust_extreme_review,0.0002403190592303,2.0188287620027347e-05,0
88318,224,subject_224,754,1,Zhou2020,S015,3,1,754,robust_extreme_review,0.0002630819217301,2.225334660516719e-05,0
88319,224,subject_224,755,2,Zhou2020,S015,3,1,755,robust_extreme_review,0.0003462052263785,3.0415309279004624e-05,0
88320,224,subject_224,756,0,Zhou2020,S015,3,1,756,robust_extreme_review,0.0002199862356064,2.234468023892736e-05,0
88321,224,subject_224,757,2,Zhou2020,S015,3,1,757,robust_extreme_review,0.0002953336515929,2.402281079462419e-05,0
88322,224,subject_224,758,0,Zhou2020,S015,3,1,758,robust_extreme_review,0.0002509188198018,2.132856472036965e-05,0
88323,224,subject_224,759,2,Zhou2020,S015,3,1,759,robust_extreme_review,0.0001828066597227,1.7644918996197818e-05,0
88324,224,subject_224,760,2,Zhou2020,S015,3,2,760,robust_extreme_review,0.0003124668146483,2.55808729210916e-05,0
88325,224,subject_224,761,2,Zhou2020,S015,3,2,761,robust_extreme_review,0.0002776188484858,2.187015618534431e-05,0
88326,224,subject_224,762,1,Zhou2020,S015,3,2,762,robust_extreme_review,0.0002250941179227,1.9838302123090237e-05,0
88327,224,subject_224,763,1,Zhou2020,S015,3,2,763,robust_extreme_review,0.0002289328549522,1.9579856704974573e-05,0
88328,224,subject_224,764,1,Zhou2020,S015,3,2,764,robust_extreme_review,0.0003681594971567,2.875551176980844e-05,0
88329,224,subject_224,765,1,Zhou2020,S015,3,2,765,robust_extreme_review,0.0002839599037542,3.04867446383888e-05,0
88330,224,subject_224,766,2,Zhou2020,S015,3,2,766,robust_extreme_review,0.0004482148797251,3.911069192353171e-05,0
88331,224,subject_224,767,2,Zhou2020,S015,3,2,767,robust_extreme_review,0.0005912874476052,4.16895585887417e-05,0
88332,224,subject_224,768,1,Zhou2020,S015,3,2,768,robust_extreme_review,0.000575870857574,4.783679141850547e-05,0
88333,224,subject_224,769,1,Zhou2020,S015,3,2,769,robust_extreme_review,0.000451231142506,4.261195912260743e-05,0
88334,224,subject_224,770,0,Zhou2020,S015,3,2,770,robust_extreme_review,0.000658284057863,4.827263907076253e-05,0
88335,224,subject_224,771,2,Zhou2020,S015,3,2,771,robust_extreme_review,0.0006215569446794,4.301628261902449e-05,0
88336,224,subject_224,772,0,Zhou2020,S015,3,2,772,robust_extreme_review,0.0005027771694585,4.377832888212455e-05,0
88337,224,subject_224,773,2,Zhou2020,S015,3,2,773,robust_extreme_review,0.0006455478142015,6.027288119998056e-05,0
88338,224,subject_224,774,0,Zhou2020,S015,3,2,774,robust_extreme_review,0.0004597954684868,3.901270496273436e-05,0
88339,224,subject_224,775,2,Zhou2020,S015,3,2,775,robust_extreme_review,0.0004842728958465,3.698253580803274e-05,0
88340,224,subject_224,776,0,Zhou2020,S015,3,2,776,robust_extreme_review,0.0005043707205913,4.736185568488205e-05,0
88341,224,subject_224,777,2,Zhou2020,S015,3,2,777,robust_extreme_review,0.0004654127114918,4.9170566174325405e-05,0
88342,224,subject_224,778,1,Zhou2020,S015,3,2,778,robust_extreme_review,0.0007086751284077,5.462860513017526e-05,0
88343,224,subject_224,779,0,Zhou2020,S015,3,2,779,robust_extreme_review,0.0002904177235905,2.7146543994049992e-05,0
88344,224,subject_224,780,0,Zhou2020,S015,3,2,780,robust_extreme_review,0.0004460609634406,4.6320165519568975e-05,0
88345,224,subject_224,781,1,Zhou2020,S015,3,2,781,robust_extreme_review,0.0004999892553314,3.968908324497864e-05,0
88346,224,subject_224,782,2,Zhou2020,S015,3,2,782,robust_extreme_review,0.0007358788279816,5.5903802101829695e-05,0
88347,224,subject_224,783,2,Zhou2020,S015,3,2,783,robust_extreme_review,0.0004524976247921,3.841514459272431e-05,0
88348,224,subject_224,784,2,Zhou2020,S015,3,2,784,robust_extreme_review,0.0003791660419665,2.95822382991692e-05,0
88349,224,subject_224,785,2,Zhou2020,S015,3,2,785,robust_extreme_review,0.0003551651316229,3.136679022164599e-05,0
88350,224,subject_224,786,0,Zhou2020,S015,3,2,786,robust_extreme_review,0.0004688417539,3.4661887032394753e-05,0
88351,224,subject_224,787,1,Zhou2020,S015,3,2,787,robust_extreme_review,0.0003028254723176,2.9231624530248197e-05,0
88352,224,subject_224,788,2,Zhou2020,S015,3,2,788,robust_extreme_review,0.000701101263985,5.220297954641966e-05,0
88353,224,subject_224,789,2,Zhou2020,S015,3,2,789,robust_extreme_review,0.0009859264828264,6.041456489261137e-05,0
88354,224,subject_224,790,2,Zhou2020,S015,3,2,790,robust_extreme_review,0.0009558677556924,5.213018714821549e-05,0
88355,224,subject_224,791,0,Zhou2020,S015,3,2,791,robust_extreme_review,0.0003909070510417,3.879829572898294e-05,0
88356,224,subject_224,792,2,Zhou2020,S015,3,2,792,robust_extreme_review,0.0004068340640515,3.772738991074764e-05,0
88357,224,subject_224,793,0,Zhou2020,S015,3,2,793,robust_extreme_review,0.0004346195783,3.766555339483688e-05,0
88358,224,subject_224,794,0,Zhou2020,S015,3,2,794,robust_extreme_review,0.0004468987463042,3.7696394209014186e-05,0
88359,224,subject_224,795,2,Zhou2020,S015,3,2,795,robust_extreme_review,0.0003274171904195,3.0167998009292657e-05,0
88360,224,subject_224,796,2,Zhou2020,S015,3,2,796,robust_extreme_review,0.000542459951248,3.825460716850436e-05,0
88361,224,subject_224,797,2,Zhou2020,S015,3,2,797,robust_extreme_review,0.0005367764388211,5.409059143868941e-05,0
88362,224,subject_224,798,2,Zhou2020,S015,3,2,798,robust_extreme_review,0.0005659606540575,5.066656568183948e-05,0
88363,224,subject_224,799,1,Zhou2020,S015,3,2,799,robust_extreme_review,0.0003830584173556,3.658752500147791e-05,0
88364,224,subject_224,800,0,Zhou2020,S015,3,3,800,robust_extreme_review,0.0003293744230177,3.299708921227666e-05,0
88365,224,subject_224,801,2,Zhou2020,S015,3,3,801,robust_extreme_review,0.0004310594231355,3.29490358660005e-05,0
88366,224,subject_224,802,1,Zhou2020,S015,3,3,802,robust_extreme_review,0.0006578777683898,4.369999923626193e-05,0
88367,224,subject_224,803,0,Zhou2020,S015,3,3,803,robust_extreme_review,0.0004780798044521,3.3472228621771383e-05,0
88368,224,subject_224,804,2,Zhou2020,S015,3,3,804,robust_extreme_review,0.0005406121490523,4.944137535941244e-05,0
88369,224,subject_224,805,1,Zhou2020,S015,3,3,805,robust_extreme_review,0.0007088835118338,4.6999086073772535e-05,0
88370,224,subject_224,806,1,Zhou2020,S015,3,3,806,robust_extreme_review,0.0003947027144022,4.0160833899380295e-05,0
88371,224,subject_224,807,0,Zhou2020,S015,3,3,807,robust_extreme_review,0.0009771542390808,7.023236873460409e-05,0
88372,224,subject_224,808,2,Zhou2020,S015,3,3,808,robust_extreme_review,0.0003664011601358,3.218561690338088e-05,0
88373,224,subject_224,809,1,Zhou2020,S015,3,3,809,robust_extreme_review,0.0013916109455749,9.135013357878368e-05,0
88374,224,subject_224,810,2,Zhou2020,S015,3,3,810,robust_extreme_review,0.0013338719727471,9.27966450873403e-05,0
88375,224,subject_224,811,2,Zhou2020,S015,3,3,811,robust_extreme_review,0.0003963375347666,4.0713349487840416e-05,0
88376,224,subject_224,812,2,Zhou2020,S015,3,3,812,robust_extreme_review,0.0005913471104577,5.148591574907273e-05,0
88377,224,subject_224,813,0,Zhou2020,S015,3,3,813,robust_extreme_review,0.0004335369740147,4.046040179138881e-05,0
88378,224,subject_224,814,0,Zhou2020,S015,3,3,814,robust_extreme_review,0.0005110522033646,3.0458185961796213e-05,0
88379,224,subject_224,815,0,Zhou2020,S015,3,3,815,robust_extreme_review,0.0004180120595265,3.5992890005768984e-05,0
88380,224,subject_224,816,2,Zhou2020,S015,3,3,816,robust_extreme_review,0.000439752388047,3.4086348976532234e-05,0
88381,224,subject_224,817,0,Zhou2020,S015,3,3,817,robust_extreme_review,0.000630184833426,3.141215913229122e-05,0
88382,224,subject_224,818,2,Zhou2020,S015,3,3,818,robust_extreme_review,0.0004643326101358,2.9610591451820645e-05,0
88383,224,subject_224,819,2,Zhou2020,S015,3,3,819,robust_extreme_review,0.0007789371884427,3.6759461228213735e-05,0
88384,224,subject_224,820,2,Zhou2020,S015,3,3,820,robust_extreme_review,0.0003544641076587,2.977663045007314e-05,0
88385,224,subject_224,821,2,Zhou2020,S015,3,3,821,robust_extreme_review,0.0004154228081461,2.266388561197386e-05,0
88386,224,subject_224,822,1,Zhou2020,S015,3,3,822,robust_extreme_review,0.0002048595924861,1.7651789683098566e-05,0
88387,224,subject_224,823,2,Zhou2020,S015,3,3,823,robust_extreme_review,0.000325671309838,2.062823245227496e-05,0
88388,224,subject_224,824,2,Zhou2020,S015,3,3,824,robust_extreme_review,0.0001857904571807,1.6509410772525722e-05,0
88389,224,subject_224,825,2,Zhou2020,S015,3,3,825,robust_extreme_review,0.0004769337247125,4.079411615548598e-05,0
88390,224,subject_224,826,1,Zhou2020,S015,3,3,826,robust_extreme_review,0.0005880007520318,4.004191138149384e-05,0
88391,224,subject_224,827,1,Zhou2020,S015,3,3,827,robust_extreme_review,0.0004194047942291,4.171858239803871e-05,0
88392,224,subject_224,828,2,Zhou2020,S015,3,3,828,robust_extreme_review,0.0004797886067535,3.228309677901957e-05,0
88393,224,subject_224,829,2,Zhou2020,S015,3,3,829,robust_extreme_review,0.0003658003988675,2.9944836645103284e-05,0
88394,224,subject_224,830,2,Zhou2020,S015,3,3,830,robust_extreme_review,0.0004497185000218,3.687527107586537e-05,0
88395,224,subject_224,831,0,Zhou2020,S015,3,3,831,robust_extreme_review,0.0004616708902176,3.300258012935226e-05,0
88396,224,subject_224,832,1,Zhou2020,S015,3,3,832,robust_extreme_review,0.0003804696316365,3.022313357832733e-05,0
88397,224,subject_224,833,1,Zhou2020,S015,3,3,833,robust_extreme_review,0.0004376072320155,3.641372982225297e-05,0
88398,224,subject_224,834,2,Zhou2020,S015,3,3,834,robust_extreme_review,0.0005369590362533,4.361629693918824e-05,0
88399,224,subject_224,835,0,Zhou2020,S015,3,3,835,robust_extreme_review,0.0002712977293413,2.641895475577351e-05,0
88400,224,subject_224,836,2,Zhou2020,S015,3,3,836,robust_extreme_review,0.0003166926617268,2.791067948232986e-05,0
88401,224,subject_224,837,0,Zhou2020,S015,3,3,837,robust_extreme_review,0.0003252413589507,2.7674630107952767e-05,0
88402,224,subject_224,838,2,Zhou2020,S015,3,3,838,robust_extreme_review,0.0003042534808628,2.4360740366541617e-05,0
88403,224,subject_224,839,1,Zhou2020,S015,3,3,839,robust_extreme_review,0.0003087526129093,2.7150951989153215e-05,0
88404,224,subject_224,840,0,Zhou2020,S015,3,4,840,robust_extreme_review,0.0002919491380453,2.7040101772337677e-05,0
88405,224,subject_224,841,2,Zhou2020,S015,3,4,841,robust_extreme_review,0.0003040650917682,2.590265382322481e-05,0
88406,224,subject_224,842,2,Zhou2020,S015,3,4,842,robust_extreme_review,0.0002700715849641,2.6879249866549185e-05,0
88407,224,subject_224,843,2,Zhou2020,S015,3,4,843,robust_extreme_review,0.0003390844212844,3.0124372329229227e-05,0
88408,224,subject_224,844,2,Zhou2020,S015,3,4,844,robust_extreme_review,0.0003547455999068,3.254275311969662e-05,0
88409,224,subject_224,845,2,Zhou2020,S015,3,4,845,robust_extreme_review,0.0004418544413056,3.656710706493384e-05,0
88410,224,subject_224,846,2,Zhou2020,S015,3,4,846,robust_extreme_review,0.0003955429419875,3.631429291663794e-05,0
88411,224,subject_224,847,0,Zhou2020,S015,3,4,847,robust_extreme_review,0.0004960185615345,3.0105252364448085e-05,0
88412,224,subject_224,848,2,Zhou2020,S015,3,4,848,robust_extreme_review,0.0009755641804076,4.344749237678399e-05,0
88413,224,subject_224,849,1,Zhou2020,S015,3,4,849,robust_extreme_review,0.0004008421965409,3.508734013582279e-05,0
88414,224,subject_224,850,2,Zhou2020,S015,3,4,850,robust_extreme_review,0.0006133118877187,4.248901916479083e-05,0
88415,224,subject_224,851,0,Zhou2020,S015,3,4,851,robust_extreme_review,0.0007232061470858,5.121895380005285e-05,0
88416,224,subject_224,852,1,Zhou2020,S015,3,4,852,robust_extreme_review,0.0002188291982747,2.069071684127792e-05,0
88417,224,subject_224,853,1,Zhou2020,S015,3,4,853,robust_extreme_review,0.0006839865818619,5.234297969721174e-05,0
88418,224,subject_224,854,2,Zhou2020,S015,3,4,854,robust_extreme_review,0.0007733598467893,5.444759188068393e-05,0
88419,224,subject_224,855,2,Zhou2020,S015,3,4,855,robust_extreme_review,0.0006006916519254,4.516126110880416e-05,0
88420,224,subject_224,856,0,Zhou2020,S015,3,4,856,robust_extreme_review,0.0005666756769642,3.7838713766196815e-05,0
88421,224,subject_224,857,2,Zhou2020,S015,3,4,857,robust_extreme_review,0.0005405662232078,5.226899712430611e-05,0
88422,224,subject_224,858,1,Zhou2020,S015,3,4,858,robust_extreme_review,0.0007808137452229,7.358640435834471e-05,0
88423,224,subject_224,859,2,Zhou2020,S015,3,4,859,robust_extreme_review,0.0004750714579131,3.8078755187447255e-05,0
88424,224,subject_224,860,1,Zhou2020,S015,3,4,860,robust_extreme_review,0.000380792771466,3.115909429414776e-05,0
88425,224,subject_224,861,1,Zhou2020,S015,3,4,861,robust_extreme_review,0.0004311674565542,3.3702092918340235e-05,0
88426,224,subject_224,862,0,Zhou2020,S015,3,4,862,robust_extreme_review,0.0004194459761492,4.287175701231612e-05,0
88427,224,subject_224,863,1,Zhou2020,S015,3,4,863,robust_extreme_review,0.0007171304314397,6.205487852237723e-05,0
88428,224,subject_224,864,2,Zhou2020,S015,3,4,864,robust_extreme_review,0.0005363464006222,5.043165667885053e-05,0
88429,224,subject_224,865,0,Zhou2020,S015,3,4,865,robust_extreme_review,0.0006870848010294,5.57736554549264e-05,0
88430,224,subject_224,866,1,Zhou2020,S015,3,4,866,robust_extreme_review,0.0006026421324349,4.358245030594082e-05,0
88431,224,subject_224,867,2,Zhou2020,S015,3,4,867,robust_extreme_review,0.0006281755631789,3.982542794134547e-05,0
88432,224,subject_224,868,0,Zhou2020,S015,3,4,868,robust_extreme_review,0.0009891127701848,5.004648210510841e-05,0
88433,224,subject_224,869,1,Zhou2020,S015,3,4,869,robust_extreme_review,0.0007877419120632,4.856860209701188e-05,0
88434,224,subject_224,870,2,Zhou2020,S015,3,4,870,robust_extreme_review,0.0006783556891605,3.111222613174444e-05,0
88435,224,subject_224,871,0,Zhou2020,S015,3,4,871,robust_extreme_review,0.0004171883338131,2.7791622287321504e-05,0
88436,224,subject_224,872,0,Zhou2020,S015,3,4,872,robust_extreme_review,0.0007839234895072,6.263162347452227e-05,0
88437,224,subject_224,873,2,Zhou2020,S015,3,4,873,robust_extreme_review,0.0007487570983357,5.978084827538468e-05,0
88438,224,subject_224,874,2,Zhou2020,S015,3,4,874,robust_extreme_review,0.0008914453210309,5.679984982772164e-05,0
88439,224,subject_224,875,2,Zhou2020,S015,3,4,875,robust_extreme_review,0.0009515541605651,5.710890373947027e-05,0
88440,224,subject_224,876,2,Zhou2020,S015,3,4,876,robust_extreme_review,0.0009218825143761,4.972395844100613e-05,0
88441,224,subject_224,877,1,Zhou2020,S015,3,4,877,robust_extreme_review,0.000491262297146,3.4276899189867844e-05,0
88442,224,subject_224,878,2,Zhou2020,S015,3,4,878,robust_extreme_review,0.0015481187729164,6.148576469896794e-05,0
88443,224,subject_224,879,0,Zhou2020,S015,3,4,879,robust_extreme_review,0.0004511790466494,3.2131990148545e-05,0
88444,224,subject_224,880,2,Zhou2020,S015,3,5,880,robust_extreme_review,0.0008831188897602,4.447579757960439e-05,0
88445,224,subject_224,881,2,Zhou2020,S015,3,5,881,robust_extreme_review,0.0009125046781264,5.907244538622131e-05,0
88446,224,subject_224,882,1,Zhou2020,S015,3,5,882,robust_extreme_review,0.0005699465982615,3.664374467353161e-05,0
88447,224,subject_224,883,0,Zhou2020,S015,3,5,883,robust_extreme_review,0.0005005149287171,5.0258264002068246e-05,0
88448,224,subject_224,884,2,Zhou2020,S015,3,5,884,robust_extreme_review,0.0008086464949883,7.038510419115631e-05,0
88449,224,subject_224,885,2,Zhou2020,S015,3,5,885,robust_extreme_review,0.0005025970749557,4.8114038731692136e-05,0
88450,224,subject_224,886,0,Zhou2020,S015,3,5,886,robust_extreme_review,0.0004699261626228,3.928566976639362e-05,0
88451,224,subject_224,887,2,Zhou2020,S015,3,5,887,robust_extreme_review,0.0006904742331244,5.077628267224719e-05,0
88452,224,subject_224,888,0,Zhou2020,S015,3,5,888,robust_extreme_review,0.0007174863712862,5.447360291885354e-05,0
88453,224,subject_224,889,2,Zhou2020,S015,3,5,889,robust_extreme_review,0.00079592136899,7.150522507318427e-05,0
88454,224,subject_224,890,2,Zhou2020,S015,3,5,890,robust_extreme_review,0.000615861674305,6.041979759770752e-05,0
88455,224,subject_224,891,1,Zhou2020,S015,3,5,891,robust_extreme_review,0.0005335943424142,3.897006353650466e-05,0
88456,224,subject_224,892,2,Zhou2020,S015,3,5,892,robust_extreme_review,0.0005152493249624,4.218366181019311e-05,0
88457,224,subject_224,893,1,Zhou2020,S015,3,5,893,robust_extreme_review,0.0007696285611018,6.862693833721572e-05,0
88458,224,subject_224,894,0,Zhou2020,S015,3,5,894,robust_extreme_review,0.0008196131675504,6.175357856274612e-05,0
88459,224,subject_224,895,2,Zhou2020,S015,3,5,895,robust_extreme_review,0.0006481808959506,5.9877412111578725e-05,0
88460,224,subject_224,896,1,Zhou2020,S015,3,5,896,robust_extreme_review,0.0012303809635341,9.577337626663706e-05,0
88461,224,subject_224,897,1,Zhou2020,S015,3,5,897,robust_extreme_review,0.0012401142157614,6.888983291166879e-05,0
88462,224,subject_224,898,2,Zhou2020,S015,3,5,898,robust_extreme_review,0.0003555329458322,2.744826350054175e-05,0
88463,224,subject_224,899,2,Zhou2020,S015,3,5,899,robust_extreme_review,0.0005871689645573,5.472252538067698e-05,0
88464,224,subject_224,900,1,Zhou2020,S015,3,5,900,robust_extreme_review,0.0018272454617545,7.740358081485655e-05,0
88465,224,subject_224,901,2,Zhou2020,S015,3,5,901,robust_extreme_review,0.000870359595865,4.6512384529416526e-05,0
88466,224,subject_224,902,0,Zhou2020,S015,3,5,902,robust_extreme_review,0.0012530897511169,6.176156820117969e-05,0
88467,224,subject_224,903,2,Zhou2020,S015,3,5,903,robust_extreme_review,0.000968367094174,5.760191671893697e-05,0
88468,224,subject_224,904,2,Zhou2020,S015,3,5,904,robust_extreme_review,0.0013430342078208,9.932318081781378e-05,0
88469,224,subject_224,905,2,Zhou2020,S015,3,5,905,robust_extreme_review,0.0005819213110953,4.567556335121324e-05,0
88470,224,subject_224,906,0,Zhou2020,S015,3,5,906,robust_extreme_review,0.0004291724762879,3.227603861106694e-05,0
88471,224,subject_224,907,1,Zhou2020,S015,3,5,907,robust_extreme_review,0.0005294378497637,3.265991540258305e-05,0
88472,224,subject_224,908,1,Zhou2020,S015,3,5,908,robust_extreme_review,0.0003370853082742,2.9786649022273746e-05,0
88473,224,subject_224,909,0,Zhou2020,S015,3,5,909,robust_extreme_review,0.0006313952617347,4.56003999215071e-05,0
88474,224,subject_224,910,1,Zhou2020,S015,3,5,910,robust_extreme_review,0.0007345686899498,6.923145323916021e-05,0
88475,224,subject_224,911,2,Zhou2020,S015,3,5,911,robust_extreme_review,0.0008262051851488,4.652686473835455e-05,0
88476,224,subject_224,912,2,Zhou2020,S015,3,5,912,robust_extreme_review,0.0003883019089698,3.143131422926136e-05,0
88477,224,subject_224,913,2,Zhou2020,S015,3,5,913,robust_extreme_review,0.0006146890227682,3.273250709155789e-05,0
88478,224,subject_224,914,1,Zhou2020,S015,3,5,914,robust_extreme_review,0.0003933424013666,3.6165653076892e-05,0
88479,224,subject_224,915,2,Zhou2020,S015,3,5,915,robust_extreme_review,0.0004956355551257,3.9487141020716646e-05,0
88480,224,subject_224,916,2,Zhou2020,S015,3,5,916,robust_extreme_review,0.0006242129020392,5.325043191509548e-05,0
88481,224,subject_224,917,0,Zhou2020,S015,3,5,917,robust_extreme_review,0.0003295746282674,3.333359994321495e-05,0
88482,224,subject_224,918,0,Zhou2020,S015,3,5,918,robust_extreme_review,0.0005502864951267,4.116787287702969e-05,0
88483,224,subject_224,919,0,Zhou2020,S015,3,5,919,robust_extreme_review,0.000561561784707,3.727637458529508e-05,0
89341,225,subject_225,137,2,Zhou2020,S016,0,3,137,robust_extreme_review,0.0002692960551939,1.0792319439435713e-05,0
89342,225,subject_225,138,0,Zhou2020,S016,0,3,138,robust_extreme_review,0.0003909611259587,1.952972385439027e-05,0
89343,225,subject_225,139,1,Zhou2020,S016,0,3,139,robust_extreme_review,0.0001510289148427,8.544062789427927e-06,0
89348,225,subject_225,144,2,Zhou2020,S016,0,3,144,robust_extreme_review,0.0002608171780593,9.165440568510713e-06,0
89355,225,subject_225,151,0,Zhou2020,S016,0,3,151,robust_extreme_review,0.0001676328247413,4.704858719663626e-06,0
90141,225,subject_225,937,2,Zhou2020,S016,3,5,937,robust_extreme_review,0.0001273396919714,8.641431851410796e-06,0
90997,226,subject_226,113,0,Zhou2020,S017,0,1,116,robust_extreme_review,0.0003262621175963,2.086377550956248e-05,0
91058,226,subject_226,174,1,Zhou2020,S017,0,2,178,robust_extreme_review,0.0006207255646586,2.3038381782259383e-05,0
94568,228,subject_228,280,0,Zhou2020,S019,1,1,280,robust_extreme_review,0.0049643889069557,0.0001256427231087,0
94569,228,subject_228,281,0,Zhou2020,S019,1,1,281,robust_extreme_review,0.0029348228126764,0.0002065465419819,0
94570,228,subject_228,282,2,Zhou2020,S019,1,1,282,robust_extreme_review,0.0016514831222593,9.962487140417468e-05,0
94571,228,subject_228,283,1,Zhou2020,S019,1,1,283,robust_extreme_review,0.0019377544522285,7.403815550870892e-05,0
94572,228,subject_228,284,2,Zhou2020,S019,1,1,284,robust_extreme_review,0.0035493893083184,0.0001801122794018,0
94573,228,subject_228,285,2,Zhou2020,S019,1,1,285,robust_extreme_review,0.0022863133344799,0.0001168544820435,0
94574,228,subject_228,286,0,Zhou2020,S019,1,1,286,robust_extreme_review,0.0020237991120666,0.0001673098465551,0
94575,228,subject_228,287,0,Zhou2020,S019,1,1,287,robust_extreme_review,0.0009954269044101,6.001192958059335e-05,0
94576,228,subject_228,288,2,Zhou2020,S019,1,1,288,robust_extreme_review,0.0028188459109514,0.0001921166599564,0
94577,228,subject_228,289,1,Zhou2020,S019,1,1,289,robust_extreme_review,0.0010910872370004,9.62790365679224e-05,0
94578,228,subject_228,290,1,Zhou2020,S019,1,1,290,robust_extreme_review,0.0014697829028591,6.454692803511238e-05,0
94579,228,subject_228,291,2,Zhou2020,S019,1,1,291,robust_extreme_review,0.0010194827336817,5.380358486584876e-05,0
94580,228,subject_228,292,0,Zhou2020,S019,1,1,292,robust_extreme_review,0.0003358431858941,3.107978667866474e-05,0
94581,228,subject_228,293,0,Zhou2020,S019,1,1,293,robust_extreme_review,0.0004462218494154,2.839522376458197e-05,0
94582,228,subject_228,294,1,Zhou2020,S019,1,1,294,robust_extreme_review,0.0021490615326911,6.892555881729938e-05,0
94583,228,subject_228,295,2,Zhou2020,S019,1,1,295,robust_extreme_review,0.0002918980026151,2.0910616154767343e-05,0
94584,228,subject_228,296,1,Zhou2020,S019,1,1,296,robust_extreme_review,0.0011146342149004,4.993352204071417e-05,0
94585,228,subject_228,297,2,Zhou2020,S019,1,1,297,robust_extreme_review,0.0010254397056996,6.475831773330006e-05,0
94586,228,subject_228,298,1,Zhou2020,S019,1,1,298,robust_extreme_review,0.0006465821643359,3.726921993550622e-05,0
94587,228,subject_228,299,2,Zhou2020,S019,1,1,299,robust_extreme_review,0.0006208418053574,5.5482823705023896e-05,0
94588,228,subject_228,300,0,Zhou2020,S019,1,1,300,robust_extreme_review,0.0008531202911399,7.163935243197624e-05,0
94589,228,subject_228,301,0,Zhou2020,S019,1,1,301,robust_extreme_review,0.0006889475043863,6.038265858493641e-05,0
94590,228,subject_228,302,2,Zhou2020,S019,1,1,302,robust_extreme_review,0.000938749697525,4.852378148120439e-05,0
94591,228,subject_228,303,2,Zhou2020,S019,1,1,303,robust_extreme_review,0.0024673624429851,0.0001789795990502,0
94592,228,subject_228,304,2,Zhou2020,S019,1,1,304,robust_extreme_review,0.0023581765126436,0.0001074691381623,0
94593,228,subject_228,305,2,Zhou2020,S019,1,1,305,robust_extreme_review,0.0010127100395038,6.506310800656116e-05,0
94594,228,subject_228,306,2,Zhou2020,S019,1,1,306,robust_extreme_review,0.0010857980232685,4.798404433895064e-05,0
94595,228,subject_228,307,0,Zhou2020,S019,1,1,307,robust_extreme_review,0.0005660150782205,4.287073159806301e-05,0
94596,228,subject_228,308,1,Zhou2020,S019,1,1,308,robust_extreme_review,0.0010081912623718,7.542638403842155e-05,0
94597,228,subject_228,309,2,Zhou2020,S019,1,1,309,robust_extreme_review,0.0004755062982439,2.7889231626213496e-05,0
94598,228,subject_228,310,2,Zhou2020,S019,1,1,310,robust_extreme_review,0.0004585171409416,3.44789797743666e-05,0
94599,228,subject_228,311,1,Zhou2020,S019,1,1,311,robust_extreme_review,0.0004250417114235,3.741180469166759e-05,0
94600,228,subject_228,312,2,Zhou2020,S019,1,1,312,robust_extreme_review,0.0004259739362169,3.4873732293301094e-05,0
94601,228,subject_228,313,1,Zhou2020,S019,1,1,313,robust_extreme_review,0.0003907223581336,2.5046383029508905e-05,0
94602,228,subject_228,314,2,Zhou2020,S019,1,1,314,robust_extreme_review,0.0005433803307823,3.6486932173375446e-05,0
94603,228,subject_228,315,2,Zhou2020,S019,1,1,315,robust_extreme_review,0.000368518900359,2.744228643291119e-05,0
94604,228,subject_228,316,2,Zhou2020,S019,1,1,316,robust_extreme_review,0.000944300671108,6.160591896581581e-05,0
94605,228,subject_228,317,2,Zhou2020,S019,1,1,317,robust_extreme_review,0.0007272231159731,5.85622289807826e-05,0
94606,228,subject_228,318,1,Zhou2020,S019,1,1,318,robust_extreme_review,0.001002975157462,6.668337887061178e-05,0
94607,228,subject_228,319,0,Zhou2020,S019,1,1,319,robust_extreme_review,0.001342581002973,9.32110621999471e-05,0
94608,228,subject_228,320,2,Zhou2020,S019,1,2,320,robust_extreme_review,0.0005347750266082,3.049137142083243e-05,0
94609,228,subject_228,321,2,Zhou2020,S019,1,2,321,robust_extreme_review,0.0012774436036124,3.987196317696988e-05,0
94610,228,subject_228,322,1,Zhou2020,S019,1,2,322,robust_extreme_review,0.0010976081248372,9.163588597898373e-05,0
94611,228,subject_228,323,0,Zhou2020,S019,1,2,323,robust_extreme_review,0.0022371856030076,0.0001365692738423,0
94612,228,subject_228,324,1,Zhou2020,S019,1,2,324,robust_extreme_review,0.0014437864301726,0.0001416039666625,0
94613,228,subject_228,325,1,Zhou2020,S019,1,2,325,robust_extreme_review,0.002135942922905,0.0001216729143029,0
94614,228,subject_228,326,2,Zhou2020,S019,1,2,326,robust_extreme_review,0.0022400023881345,0.0001810075004692,0
94615,228,subject_228,327,0,Zhou2020,S019,1,2,327,robust_extreme_review,0.0014318926259875,6.516225807761678e-05,0
94616,228,subject_228,328,2,Zhou2020,S019,1,2,328,robust_extreme_review,0.0022561061196029,0.0001994207236963,0
94617,228,subject_228,329,2,Zhou2020,S019,1,2,329,robust_extreme_review,0.0011321613565087,7.468615395885408e-05,0
94618,228,subject_228,330,1,Zhou2020,S019,1,2,330,robust_extreme_review,0.0008207665523514,4.414210295653767e-05,0
94619,228,subject_228,331,2,Zhou2020,S019,1,2,331,robust_extreme_review,0.0017526115989312,9.360599129643118e-05,0
94620,228,subject_228,332,2,Zhou2020,S019,1,2,332,robust_extreme_review,0.0003886837512254,2.476566617824549e-05,0
94621,228,subject_228,333,0,Zhou2020,S019,1,2,333,robust_extreme_review,0.0007343558245338,4.6229065385453305e-05,0
94622,228,subject_228,334,2,Zhou2020,S019,1,2,334,robust_extreme_review,0.0023323718924075,9.70029662591448e-05,0
94623,228,subject_228,335,2,Zhou2020,S019,1,2,335,robust_extreme_review,0.000968801556155,4.889150647905982e-05,0
94624,228,subject_228,336,0,Zhou2020,S019,1,2,336,robust_extreme_review,0.0007739406428299,3.765060370756644e-05,0
94625,228,subject_228,337,1,Zhou2020,S019,1,2,337,robust_extreme_review,0.0017482748953625,0.0001024427120789,0
94626,228,subject_228,338,2,Zhou2020,S019,1,2,338,robust_extreme_review,0.0011321124620735,7.689651242136218e-05,0
94627,228,subject_228,339,1,Zhou2020,S019,1,2,339,robust_extreme_review,0.0011028285371139,6.162246318399181e-05,0
94628,228,subject_228,340,0,Zhou2020,S019,1,2,340,robust_extreme_review,0.0011807185364887,7.276537975356495e-05,0
94629,228,subject_228,341,1,Zhou2020,S019,1,2,341,robust_extreme_review,0.0011982759460806,7.543315591156646e-05,0
94630,228,subject_228,342,0,Zhou2020,S019,1,2,342,robust_extreme_review,0.0006068106740713,4.107944699029722e-05,0
94631,228,subject_228,343,2,Zhou2020,S019,1,2,343,robust_extreme_review,0.0006103932391852,4.4348651575176216e-05,0
94632,228,subject_228,344,0,Zhou2020,S019,1,2,344,robust_extreme_review,0.0004835387517232,3.833722418236505e-05,0
94633,228,subject_228,345,2,Zhou2020,S019,1,2,345,robust_extreme_review,0.0005938381655141,4.168323247267171e-05,0
94634,228,subject_228,346,2,Zhou2020,S019,1,2,346,robust_extreme_review,0.0006662920350208,4.399943213423111e-05,0
94635,228,subject_228,347,0,Zhou2020,S019,1,2,347,robust_extreme_review,0.0006283695111051,5.151952621766323e-05,0
94636,228,subject_228,348,2,Zhou2020,S019,1,2,348,robust_extreme_review,0.0006530793616548,4.520310583189294e-05,0
94637,228,subject_228,349,0,Zhou2020,S019,1,2,349,robust_extreme_review,0.0004703734011854,2.846548351380437e-05,0
94638,228,subject_228,350,1,Zhou2020,S019,1,2,350,robust_extreme_review,0.0010591825703158,6.952420595164111e-05,0
94639,228,subject_228,351,2,Zhou2020,S019,1,2,351,robust_extreme_review,0.0015827305614948,9.138813045721148e-05,0
94640,228,subject_228,352,2,Zhou2020,S019,1,2,352,robust_extreme_review,0.00052535434952,3.404435523343974e-05,0
94641,228,subject_228,353,2,Zhou2020,S019,1,2,353,robust_extreme_review,0.0007976478082127,4.787377030117493e-05,0
94642,228,subject_228,354,2,Zhou2020,S019,1,2,354,robust_extreme_review,0.0006223371601663,4.463783539782821e-05,0
94643,228,subject_228,355,1,Zhou2020,S019,1,2,355,robust_extreme_review,0.0012245050165802,4.5749938954680336e-05,0
94644,228,subject_228,356,0,Zhou2020,S019,1,2,356,robust_extreme_review,0.0004408773384056,3.478938077098856e-05,0
94645,228,subject_228,357,2,Zhou2020,S019,1,2,357,robust_extreme_review,0.0008293205755762,3.95369377979869e-05,0
94646,228,subject_228,358,1,Zhou2020,S019,1,2,358,robust_extreme_review,0.0017441771924495,7.828657567108566e-05,0
94647,228,subject_228,359,2,Zhou2020,S019,1,2,359,robust_extreme_review,0.0012594119179993,6.483755117312051e-05,0
94648,228,subject_228,360,1,Zhou2020,S019,1,3,360,robust_extreme_review,0.001692997990176,0.0001062076591337,0
94649,228,subject_228,361,1,Zhou2020,S019,1,3,361,robust_extreme_review,0.0015012166695669,6.948272136465893e-05,0
94650,228,subject_228,362,0,Zhou2020,S019,1,3,362,robust_extreme_review,0.0012662144144997,5.7179393185953145e-05,0
94651,228,subject_228,363,1,Zhou2020,S019,1,3,363,robust_extreme_review,0.0014138537226244,5.60466458439114e-05,0
94652,228,subject_228,364,1,Zhou2020,S019,1,3,364,robust_extreme_review,0.0004381167236715,3.514175145308782e-05,0
94653,228,subject_228,365,2,Zhou2020,S019,1,3,365,robust_extreme_review,0.0006670277798548,3.320180096636382e-05,0
94654,228,subject_228,366,2,Zhou2020,S019,1,3,366,robust_extreme_review,0.0013088224222883,8.514782796166086e-05,0
94655,228,subject_228,367,0,Zhou2020,S019,1,3,367,robust_extreme_review,0.0014193837996572,6.8343959419801e-05,0
94656,228,subject_228,368,1,Zhou2020,S019,1,3,368,robust_extreme_review,0.000632495211903,5.2955188047127725e-05,0
94657,228,subject_228,369,2,Zhou2020,S019,1,3,369,robust_extreme_review,0.0005885923164896,5.036087153806448e-05,0
94658,228,subject_228,370,2,Zhou2020,S019,1,3,370,robust_extreme_review,0.0005507256137207,4.868204035051806e-05,0
94659,228,subject_228,371,1,Zhou2020,S019,1,3,371,robust_extreme_review,0.0015427314210683,6.010600121679093e-05,0
94660,228,subject_228,372,0,Zhou2020,S019,1,3,372,robust_extreme_review,0.0007613595225848,6.258355996580184e-05,0
94661,228,subject_228,373,2,Zhou2020,S019,1,3,373,robust_extreme_review,0.0006422384176403,5.864212599117995e-05,0
94662,228,subject_228,374,2,Zhou2020,S019,1,3,374,robust_extreme_review,0.0018131372053176,9.627105491432702e-05,0
94663,228,subject_228,375,1,Zhou2020,S019,1,3,375,robust_extreme_review,0.0014892505714669,8.400700632488632e-05,0
94664,228,subject_228,376,0,Zhou2020,S019,1,3,376,robust_extreme_review,0.0009612595895305,4.776414123631807e-05,0
94665,228,subject_228,377,2,Zhou2020,S019,1,3,377,robust_extreme_review,0.0006831987993791,4.338892796492703e-05,0
94666,228,subject_228,378,2,Zhou2020,S019,1,3,378,robust_extreme_review,0.0005363177624531,4.6392598971627945e-05,0
94667,228,subject_228,379,2,Zhou2020,S019,1,3,379,robust_extreme_review,0.0004928613197989,3.9227598868291656e-05,0
94668,228,subject_228,380,2,Zhou2020,S019,1,3,380,robust_extreme_review,0.0004091287846677,3.697551592110602e-05,0
94669,228,subject_228,381,1,Zhou2020,S019,1,3,381,robust_extreme_review,0.002000942826271,8.891575951417574e-05,0
94670,228,subject_228,382,0,Zhou2020,S019,1,3,382,robust_extreme_review,0.0006699783261865,5.8037835814769385e-05,0
94671,228,subject_228,383,0,Zhou2020,S019,1,3,383,robust_extreme_review,0.0008064031717367,4.089990942972879e-05,0
94672,228,subject_228,384,1,Zhou2020,S019,1,3,384,robust_extreme_review,0.0005475979996845,3.020676640271465e-05,0
94673,228,subject_228,385,2,Zhou2020,S019,1,3,385,robust_extreme_review,0.0012102763867005,5.602627373008564e-05,0
94674,228,subject_228,386,1,Zhou2020,S019,1,3,386,robust_extreme_review,0.0007358052534982,3.061768763884169e-05,0
94675,228,subject_228,387,2,Zhou2020,S019,1,3,387,robust_extreme_review,0.0012774146161973,5.796495367480748e-05,0
94676,228,subject_228,388,2,Zhou2020,S019,1,3,388,robust_extreme_review,0.0003737625083886,3.381306925024699e-05,0
94677,228,subject_228,389,2,Zhou2020,S019,1,3,389,robust_extreme_review,0.0010501781944185,5.300862108499263e-05,0
94678,228,subject_228,390,0,Zhou2020,S019,1,3,390,robust_extreme_review,0.0005091069615446,3.958014227189178e-05,0
94679,228,subject_228,391,0,Zhou2020,S019,1,3,391,robust_extreme_review,0.0004058094345964,2.9747835263702345e-05,0
94680,228,subject_228,392,2,Zhou2020,S019,1,3,392,robust_extreme_review,0.0007891597924754,4.514409267337032e-05,0
94681,228,subject_228,393,2,Zhou2020,S019,1,3,393,robust_extreme_review,0.0004188778402749,3.625861208922301e-05,0
94682,228,subject_228,394,0,Zhou2020,S019,1,3,394,robust_extreme_review,0.0004357445577625,3.616209302613002e-05,0
94683,228,subject_228,395,2,Zhou2020,S019,1,3,395,robust_extreme_review,0.0002973349182866,2.120372090518712e-05,0
94684,228,subject_228,396,2,Zhou2020,S019,1,3,396,robust_extreme_review,0.0005197308491915,2.6551102356118712e-05,0
94685,228,subject_228,397,2,Zhou2020,S019,1,3,397,robust_extreme_review,0.0004036996688228,2.259755477775561e-05,0
94686,228,subject_228,398,2,Zhou2020,S019,1,3,398,robust_extreme_review,0.0004072090378031,2.678596164277968e-05,0
94687,228,subject_228,399,0,Zhou2020,S019,1,3,399,robust_extreme_review,0.0004152055771555,2.8267021783702635e-05,0
95613,228,subject_228,1325,2,Zhou2020,S019,5,3,1325,robust_extreme_review,0.0004377730365376,2.130794977639062e-05,0
96787,229,subject_229,819,2,Zhou2020,S020,3,2,819,robust_extreme_review,0.0002196860586991,8.356903450740224e-06,0
96844,229,subject_229,876,1,Zhou2020,S020,3,3,876,robust_extreme_review,0.0001126032730098,4.948631962113633e-06,0
96845,229,subject_229,877,1,Zhou2020,S020,3,3,877,robust_extreme_review,0.0001210896298289,3.7837492270741114e-06,0
96858,229,subject_229,890,2,Zhou2020,S020,3,4,890,robust_extreme_review,0.0001072969389497,4.697683139972788e-06,0
96860,229,subject_229,892,2,Zhou2020,S020,3,4,892,robust_extreme_review,8.940265252022073e-05,5.498489298610296e-06,0
96862,229,subject_229,894,2,Zhou2020,S020,3,4,894,robust_extreme_review,9.345882426714525e-05,3.485213872802479e-06,0
