dataset,subject_id,fold,protocol,role_in_fold
BNCI2014_001,7,0,LOSO,test
BNCI2014_001,5,1,LOSO,test
BNCI2014_001,4,2,LOSO,test
BNCI2014_001,2,3,LOSO,test
BNCI2014_001,3,4,LOSO,test
BNCI2014_001,0,5,LOSO,test
BNCI2014_001,1,6,LOSO,test
BNCI2014_001,6,7,LOSO,test
BNCI2014_001,8,8,LOSO,test
PhysionetMI,69,0,GroupKFold-5,test
PhysionetMI,39,1,GroupKFold-5,test
PhysionetMI,33,2,GroupKFold-5,test
PhysionetMI,42,3,GroupKFold-5,test
PhysionetMI,85,4,GroupKFold-5,test
PhysionetMI,32,0,GroupKFold-5,test
PhysionetMI,91,1,GroupKFold-5,test
PhysionetMI,54,2,GroupKFold-5,test
PhysionetMI,28,3,GroupKFold-5,test
PhysionetMI,59,4,GroupKFold-5,test
PhysionetMI,41,0,GroupKFold-5,test
PhysionetMI,75,1,GroupKFold-5,test
PhysionetMI,74,2,GroupKFold-5,test
PhysionetMI,117,3,GroupKFold-5,test
PhysionetMI,114,4,GroupKFold-5,test
PhysionetMI,27,0,GroupKFold-5,test
PhysionetMI,110,1,GroupKFold-5,test
PhysionetMI,78,2,GroupKFold-5,test
PhysionetMI,109,3,GroupKFold-5,test
PhysionetMI,25,4,GroupKFold-5,test
PhysionetMI,12,0,GroupKFold-5,test
PhysionetMI,60,1,GroupKFold-5,test
PhysionetMI,92,2,GroupKFold-5,test
PhysionetMI,34,3,GroupKFold-5,test
PhysionetMI,106,4,GroupKFold-5,test
PhysionetMI,30,0,GroupKFold-5,test
PhysionetMI,104,1,GroupKFold-5,test
PhysionetMI,63,2,GroupKFold-5,test
PhysionetMI,64,3,GroupKFold-5,test
PhysionetMI,26,4,GroupKFold-5,test
PhysionetMI,112,0,GroupKFold-5,test
PhysionetMI,70,1,GroupKFold-5,test
PhysionetMI,52,2,GroupKFold-5,test
PhysionetMI,115,3,GroupKFold-5,test
PhysionetMI,43,4,GroupKFold-5,test
PhysionetMI,95,0,GroupKFold-5,test
PhysionetMI,47,1,GroupKFold-5,test
PhysionetMI,88,2,GroupKFold-5,test
PhysionetMI,113,3,GroupKFold-5,test
PhysionetMI,94,4,GroupKFold-5,test
PhysionetMI,19,0,GroupKFold-5,test
PhysionetMI,62,1,GroupKFold-5,test
PhysionetMI,90,2,GroupKFold-5,test
PhysionetMI,29,3,GroupKFold-5,test
PhysionetMI,31,4,GroupKFold-5,test
PhysionetMI,36,0,GroupKFold-5,test
PhysionetMI,81,1,GroupKFold-5,test
PhysionetMI,103,2,GroupKFold-5,test
PhysionetMI,97,3,GroupKFold-5,test
PhysionetMI,80,4,GroupKFold-5,test
PhysionetMI,20,0,GroupKFold-5,test
PhysionetMI,13,1,GroupKFold-5,test
PhysionetMI,71,2,GroupKFold-5,test
PhysionetMI,55,3,GroupKFold-5,test
PhysionetMI,96,4,GroupKFold-5,test
PhysionetMI,14,0,GroupKFold-5,test
PhysionetMI,98,1,GroupKFold-5,test
PhysionetMI,89,2,GroupKFold-5,test
PhysionetMI,105,3,GroupKFold-5,test
PhysionetMI,111,4,GroupKFold-5,test
PhysionetMI,37,0,GroupKFold-5,test
PhysionetMI,40,1,GroupKFold-5,test
PhysionetMI,67,2,GroupKFold-5,test
PhysionetMI,84,3,GroupKFold-5,test
PhysionetMI,24,4,GroupKFold-5,test
PhysionetMI,65,0,GroupKFold-5,test
PhysionetMI,51,1,GroupKFold-5,test
PhysionetMI,73,2,GroupKFold-5,test
PhysionetMI,53,3,GroupKFold-5,test
PhysionetMI,72,4,GroupKFold-5,test
PhysionetMI,56,0,GroupKFold-5,test
PhysionetMI,35,1,GroupKFold-5,test
PhysionetMI,21,2,GroupKFold-5,test
PhysionetMI,18,3,GroupKFold-5,test
PhysionetMI,102,4,GroupKFold-5,test
PhysionetMI,11,0,GroupKFold-5,test
PhysionetMI,99,1,GroupKFold-5,test
PhysionetMI,22,2,GroupKFold-5,test
PhysionetMI,44,3,GroupKFold-5,test
PhysionetMI,23,4,GroupKFold-5,test
PhysionetMI,100,0,GroupKFold-5,test
PhysionetMI,61,1,GroupKFold-5,test
PhysionetMI,38,2,GroupKFold-5,test
PhysionetMI,101,3,GroupKFold-5,test
PhysionetMI,107,4,GroupKFold-5,test
PhysionetMI,16,0,GroupKFold-5,test
PhysionetMI,87,1,GroupKFold-5,test
PhysionetMI,17,2,GroupKFold-5,test
PhysionetMI,76,3,GroupKFold-5,test
PhysionetMI,57,4,GroupKFold-5,test
PhysionetMI,83,0,GroupKFold-5,test
PhysionetMI,15,1,GroupKFold-5,test
PhysionetMI,86,2,GroupKFold-5,test
PhysionetMI,9,3,GroupKFold-5,test
PhysionetMI,48,4,GroupKFold-5,test
PhysionetMI,82,0,GroupKFold-5,test
PhysionetMI,10,1,GroupKFold-5,test
PhysionetMI,46,2,GroupKFold-5,test
PhysionetMI,77,3,GroupKFold-5,test
PhysionetMI,93,4,GroupKFold-5,test
PhysionetMI,49,0,GroupKFold-5,test
PhysionetMI,116,1,GroupKFold-5,test
PhysionetMI,45,2,GroupKFold-5,test
PhysionetMI,58,3,GroupKFold-5,test
PhysionetMI,79,4,GroupKFold-5,test
PhysionetMI,66,0,GroupKFold-5,test
PhysionetMI,68,1,GroupKFold-5,test
PhysionetMI,50,2,GroupKFold-5,test
PhysionetMI,108,3,GroupKFold-5,test
Schirrmeister2017,131,0,GroupKFold-5,test
Schirrmeister2017,119,1,GroupKFold-5,test
Schirrmeister2017,118,2,GroupKFold-5,test
Schirrmeister2017,126,3,GroupKFold-5,test
Schirrmeister2017,121,4,GroupKFold-5,test
Schirrmeister2017,122,0,GroupKFold-5,test
Schirrmeister2017,128,1,GroupKFold-5,test
Schirrmeister2017,129,2,GroupKFold-5,test
Schirrmeister2017,124,3,GroupKFold-5,test
Schirrmeister2017,127,4,GroupKFold-5,test
Schirrmeister2017,125,0,GroupKFold-5,test
Schirrmeister2017,120,1,GroupKFold-5,test
Schirrmeister2017,130,2,GroupKFold-5,test
Schirrmeister2017,123,3,GroupKFold-5,test
Stieger2021,176,0,GroupKFold-5,test
Stieger2021,136,1,GroupKFold-5,test
Stieger2021,167,2,GroupKFold-5,test
Stieger2021,191,3,GroupKFold-5,test
Stieger2021,162,4,GroupKFold-5,test
Stieger2021,138,0,GroupKFold-5,test
Stieger2021,184,1,GroupKFold-5,test
Stieger2021,140,2,GroupKFold-5,test
Stieger2021,139,3,GroupKFold-5,test
Stieger2021,169,4,GroupKFold-5,test
Stieger2021,183,0,GroupKFold-5,test
Stieger2021,152,1,GroupKFold-5,test
Stieger2021,158,2,GroupKFold-5,test
Stieger2021,188,3,GroupKFold-5,test
Stieger2021,168,4,GroupKFold-5,test
Stieger2021,133,0,GroupKFold-5,test
Stieger2021,181,1,GroupKFold-5,test
Stieger2021,137,2,GroupKFold-5,test
Stieger2021,174,3,GroupKFold-5,test
Stieger2021,185,4,GroupKFold-5,test
Stieger2021,173,0,GroupKFold-5,test
Stieger2021,166,1,GroupKFold-5,test
Stieger2021,180,2,GroupKFold-5,test
Stieger2021,155,3,GroupKFold-5,test
Stieger2021,159,4,GroupKFold-5,test
Stieger2021,157,0,GroupKFold-5,test
Stieger2021,135,1,GroupKFold-5,test
Stieger2021,192,2,GroupKFold-5,test
Stieger2021,146,3,GroupKFold-5,test
Stieger2021,170,4,GroupKFold-5,test
Stieger2021,171,0,GroupKFold-5,test
Stieger2021,186,1,GroupKFold-5,test
Stieger2021,190,2,GroupKFold-5,test
Stieger2021,177,3,GroupKFold-5,test
Stieger2021,153,4,GroupKFold-5,test
Stieger2021,154,0,GroupKFold-5,test
Stieger2021,148,1,GroupKFold-5,test
Stieger2021,134,2,GroupKFold-5,test
Stieger2021,145,3,GroupKFold-5,test
Stieger2021,178,4,GroupKFold-5,test
Stieger2021,150,0,GroupKFold-5,test
Stieger2021,149,1,GroupKFold-5,test
Stieger2021,143,2,GroupKFold-5,test
Stieger2021,187,3,GroupKFold-5,test
Stieger2021,164,4,GroupKFold-5,test
Stieger2021,160,0,GroupKFold-5,test
Stieger2021,193,1,GroupKFold-5,test
Stieger2021,151,2,GroupKFold-5,test
Stieger2021,132,3,GroupKFold-5,test
Stieger2021,179,4,GroupKFold-5,test
Stieger2021,144,0,GroupKFold-5,test
Stieger2021,142,1,GroupKFold-5,test
Stieger2021,156,2,GroupKFold-5,test
Stieger2021,141,3,GroupKFold-5,test
Stieger2021,172,4,GroupKFold-5,test
Stieger2021,182,0,GroupKFold-5,test
Stieger2021,147,1,GroupKFold-5,test
Stieger2021,189,2,GroupKFold-5,test
Stieger2021,161,3,GroupKFold-5,test
Stieger2021,175,4,GroupKFold-5,test
Stieger2021,165,0,GroupKFold-5,test
Stieger2021,163,1,GroupKFold-5,test
Wairagkar2018,202,0,GroupKFold-5,test
Wairagkar2018,203,1,GroupKFold-5,test
Wairagkar2018,199,2,GroupKFold-5,test
Wairagkar2018,196,3,GroupKFold-5,test
Wairagkar2018,194,4,GroupKFold-5,test
Wairagkar2018,204,0,GroupKFold-5,test
Wairagkar2018,200,1,GroupKFold-5,test
Wairagkar2018,206,2,GroupKFold-5,test
Wairagkar2018,205,3,GroupKFold-5,test
Wairagkar2018,195,4,GroupKFold-5,test
Wairagkar2018,201,0,GroupKFold-5,test
Wairagkar2018,198,1,GroupKFold-5,test
Wairagkar2018,207,2,GroupKFold-5,test
Wairagkar2018,197,3,GroupKFold-5,test
Weibo2014,209,0,LOSO,test
Weibo2014,212,1,LOSO,test
Weibo2014,210,2,LOSO,test
Weibo2014,215,3,LOSO,test
Weibo2014,208,4,LOSO,test
Weibo2014,214,5,LOSO,test
Weibo2014,211,6,LOSO,test
Weibo2014,217,7,LOSO,test
Weibo2014,216,8,LOSO,test
Weibo2014,213,9,LOSO,test
Zhou2016,220,0,LOSO,test
Zhou2016,218,1,LOSO,test
Zhou2016,221,2,LOSO,test
Zhou2016,219,3,LOSO,test
Zhou2020,222,0,LOSO,test
Zhou2020,226,1,LOSO,test
Zhou2020,225,2,LOSO,test
Zhou2020,227,3,LOSO,test
Zhou2020,228,4,LOSO,test
Zhou2020,229,5,LOSO,test
Zhou2020,224,6,LOSO,test
Zhou2020,223,7,LOSO,test
