subject_id,subject_name,source_dataset,source_subject,n_trials,n_left,n_right,n_nonupper
0,subject_000,BNCI2014_001,S001,548,137,137,274
1,subject_001,BNCI2014_001,S002,552,138,138,276
2,subject_002,BNCI2014_001,S003,552,138,138,276
3,subject_003,BNCI2014_001,S004,548,137,137,274
4,subject_004,BNCI2014_001,S005,552,138,138,276
5,subject_005,BNCI2014_001,S006,560,140,140,280
6,subject_006,BNCI2014_001,S007,552,138,138,276
7,subject_007,BNCI2014_001,S008,552,138,138,276
8,subject_008,BNCI2014_001,S009,560,140,140,280
9,subject_009,PhysionetMI,S001,88,22,22,44
10,subject_010,PhysionetMI,S002,88,22,22,44
11,subject_011,PhysionetMI,S003,88,22,22,44
12,subject_012,PhysionetMI,S004,88,22,22,44
13,subject_013,PhysionetMI,S005,84,21,21,42
14,subject_014,PhysionetMI,S006,84,21,21,42
15,subject_015,PhysionetMI,S007,88,22,22,44
16,subject_016,PhysionetMI,S008,88,22,22,44
17,subject_017,PhysionetMI,S009,84,21,21,42
18,subject_018,PhysionetMI,S010,84,21,21,42
19,subject_019,PhysionetMI,S011,88,22,22,44
20,subject_020,PhysionetMI,S012,84,21,21,42
21,subject_021,PhysionetMI,S013,88,22,22,44
22,subject_022,PhysionetMI,S014,88,22,22,44
23,subject_023,PhysionetMI,S015,88,22,22,44
24,subject_024,PhysionetMI,S016,88,22,22,44
25,subject_025,PhysionetMI,S017,88,22,22,44
26,subject_026,PhysionetMI,S018,88,22,22,44
27,subject_027,PhysionetMI,S019,88,22,22,44
28,subject_028,PhysionetMI,S020,88,22,22,44
29,subject_029,PhysionetMI,S021,84,21,21,42
30,subject_030,PhysionetMI,S022,88,22,22,44
31,subject_031,PhysionetMI,S023,88,22,22,44
32,subject_032,PhysionetMI,S024,88,22,22,44
33,subject_033,PhysionetMI,S025,88,22,22,44
34,subject_034,PhysionetMI,S026,84,21,21,42
35,subject_035,PhysionetMI,S027,88,22,22,44
36,subject_036,PhysionetMI,S028,88,22,22,44
37,subject_037,PhysionetMI,S029,88,22,22,44
38,subject_038,PhysionetMI,S030,84,21,21,42
39,subject_039,PhysionetMI,S031,88,22,22,44
40,subject_040,PhysionetMI,S032,84,21,21,42
41,subject_041,PhysionetMI,S033,88,22,22,44
42,subject_042,PhysionetMI,S034,84,21,21,42
43,subject_043,PhysionetMI,S035,88,22,22,44
44,subject_044,PhysionetMI,S036,88,22,22,44
45,subject_045,PhysionetMI,S037,84,21,21,42
46,subject_046,PhysionetMI,S038,88,22,22,44
47,subject_047,PhysionetMI,S039,88,22,22,44
48,subject_048,PhysionetMI,S040,84,21,21,42
49,subject_049,PhysionetMI,S041,84,21,21,42
50,subject_050,PhysionetMI,S042,88,22,22,44
51,subject_051,PhysionetMI,S043,88,22,22,44
52,subject_052,PhysionetMI,S044,88,22,22,44
53,subject_053,PhysionetMI,S045,88,22,22,44
54,subject_054,PhysionetMI,S046,88,22,22,44
55,subject_055,PhysionetMI,S047,84,21,21,42
56,subject_056,PhysionetMI,S048,88,22,22,44
57,subject_057,PhysionetMI,S049,88,22,22,44
58,subject_058,PhysionetMI,S050,88,22,22,44
59,subject_059,PhysionetMI,S051,84,21,21,42
60,subject_060,PhysionetMI,S052,84,21,21,42
61,subject_061,PhysionetMI,S053,88,22,22,44
62,subject_062,PhysionetMI,S054,88,22,22,44
63,subject_063,PhysionetMI,S055,88,22,22,44
64,subject_064,PhysionetMI,S056,88,22,22,44
65,subject_065,PhysionetMI,S057,84,21,21,42
66,subject_066,PhysionetMI,S058,84,21,21,42
67,subject_067,PhysionetMI,S059,84,21,21,42
68,subject_068,PhysionetMI,S060,88,22,22,44
69,subject_069,PhysionetMI,S061,88,22,22,44
70,subject_070,PhysionetMI,S062,88,22,22,44
71,subject_071,PhysionetMI,S063,88,22,22,44
72,subject_072,PhysionetMI,S064,84,21,21,42
73,subject_073,PhysionetMI,S065,84,21,21,42
74,subject_074,PhysionetMI,S066,88,22,22,44
75,subject_075,PhysionetMI,S067,88,22,22,44
76,subject_076,PhysionetMI,S068,88,22,22,44
77,subject_077,PhysionetMI,S069,84,21,21,42
78,subject_078,PhysionetMI,S070,88,22,22,44
79,subject_079,PhysionetMI,S071,88,22,22,44
80,subject_080,PhysionetMI,S072,84,21,21,42
81,subject_081,PhysionetMI,S073,84,21,21,42
82,subject_082,PhysionetMI,S074,84,21,21,42
83,subject_083,PhysionetMI,S075,88,22,22,44
84,subject_084,PhysionetMI,S076,84,21,21,42
85,subject_085,PhysionetMI,S077,84,21,21,42
86,subject_086,PhysionetMI,S078,88,22,22,44
87,subject_087,PhysionetMI,S079,88,22,22,44
88,subject_088,PhysionetMI,S080,88,22,22,44
89,subject_089,PhysionetMI,S081,88,22,22,44
90,subject_090,PhysionetMI,S082,88,22,22,44
91,subject_091,PhysionetMI,S083,88,22,22,44
92,subject_092,PhysionetMI,S084,88,22,22,44
93,subject_093,PhysionetMI,S085,88,22,22,44
94,subject_094,PhysionetMI,S086,88,22,22,44
95,subject_095,PhysionetMI,S087,88,22,22,44
96,subject_096,PhysionetMI,S088,112,28,28,56
97,subject_097,PhysionetMI,S089,84,21,21,42
98,subject_098,PhysionetMI,S090,88,22,22,44
99,subject_099,PhysionetMI,S091,88,22,22,44
100,subject_100,PhysionetMI,S092,108,27,27,54
101,subject_101,PhysionetMI,S093,88,22,22,44
102,subject_102,PhysionetMI,S094,88,22,22,44
103,subject_103,PhysionetMI,S095,88,22,22,44
104,subject_104,PhysionetMI,S096,88,22,22,44
105,subject_105,PhysionetMI,S097,88,22,22,44
106,subject_106,PhysionetMI,S098,88,22,22,44
107,subject_107,PhysionetMI,S099,88,22,22,44
108,subject_108,PhysionetMI,S100,72,18,18,36
109,subject_109,PhysionetMI,S101,88,22,22,44
110,subject_110,PhysionetMI,S102,84,21,21,42
111,subject_111,PhysionetMI,S103,88,22,22,44
112,subject_112,PhysionetMI,S104,84,21,21,42
113,subject_113,PhysionetMI,S105,88,22,22,44
114,subject_114,PhysionetMI,S106,84,21,21,42
115,subject_115,PhysionetMI,S107,84,21,21,42
116,subject_116,PhysionetMI,S108,88,22,22,44
117,subject_117,PhysionetMI,S109,88,22,22,44
118,subject_118,Schirrmeister2017,S001,480,120,120,240
119,subject_119,Schirrmeister2017,S002,968,242,242,484
120,subject_120,Schirrmeister2017,S003,1040,260,260,520
121,subject_121,Schirrmeister2017,S004,1056,264,264,528
122,subject_122,Schirrmeister2017,S005,880,220,220,440
123,subject_123,Schirrmeister2017,S006,1040,260,260,520
124,subject_124,Schirrmeister2017,S007,1040,260,260,520
125,subject_125,Schirrmeister2017,S008,812,203,203,406
126,subject_126,Schirrmeister2017,S009,1040,260,260,520
127,subject_127,Schirrmeister2017,S010,1040,260,260,520
128,subject_128,Schirrmeister2017,S011,1040,260,260,520
129,subject_129,Schirrmeister2017,S012,1040,260,260,520
130,subject_130,Schirrmeister2017,S013,960,240,240,480
131,subject_131,Schirrmeister2017,S014,1040,260,260,520
132,subject_132,Stieger2021,S001,852,213,213,426
133,subject_133,Stieger2021,S002,952,238,238,476
134,subject_134,Stieger2021,S003,656,164,164,328
135,subject_135,Stieger2021,S004,676,169,169,338
136,subject_136,Stieger2021,S005,340,85,85,170
137,subject_137,Stieger2021,S006,960,240,240,480
138,subject_138,Stieger2021,S007,1340,335,335,670
139,subject_139,Stieger2021,S008,1088,272,272,544
140,subject_140,Stieger2021,S009,408,102,102,204
141,subject_141,Stieger2021,S010,1572,393,393,786
142,subject_142,Stieger2021,S011,828,207,207,414
143,subject_143,Stieger2021,S012,784,196,196,392
144,subject_144,Stieger2021,S013,1336,334,334,668
145,subject_145,Stieger2021,S014,724,181,181,362
146,subject_146,Stieger2021,S015,932,233,233,466
147,subject_147,Stieger2021,S016,1088,272,272,544
148,subject_148,Stieger2021,S017,676,169,169,338
149,subject_149,Stieger2021,S018,1000,250,250,500
150,subject_150,Stieger2021,S019,1208,302,302,604
151,subject_151,Stieger2021,S020,512,128,128,256
152,subject_152,Stieger2021,S021,752,188,188,376
153,subject_153,Stieger2021,S022,788,197,197,394
154,subject_154,Stieger2021,S023,472,118,118,236
155,subject_155,Stieger2021,S024,1044,261,261,522
156,subject_156,Stieger2021,S025,928,232,232,464
157,subject_157,Stieger2021,S026,932,233,233,466
158,subject_158,Stieger2021,S027,1068,267,267,534
159,subject_159,Stieger2021,S028,524,131,131,262
160,subject_160,Stieger2021,S029,752,188,188,376
161,subject_161,Stieger2021,S030,696,174,174,348
162,subject_162,Stieger2021,S031,1240,310,310,620
163,subject_163,Stieger2021,S032,968,242,242,484
164,subject_164,Stieger2021,S033,1036,259,259,518
165,subject_165,Stieger2021,S034,904,226,226,452
166,subject_166,Stieger2021,S035,1260,315,315,630
167,subject_167,Stieger2021,S036,984,246,246,492
168,subject_168,Stieger2021,S037,496,124,124,248
169,subject_169,Stieger2021,S038,656,164,164,328
170,subject_170,Stieger2021,S039,372,93,93,186
171,subject_171,Stieger2021,S040,792,198,198,396
172,subject_172,Stieger2021,S041,732,183,183,366
173,subject_173,Stieger2021,S042,396,99,99,198
174,subject_174,Stieger2021,S043,516,129,129,258
175,subject_175,Stieger2021,S044,332,83,83,166
176,subject_176,Stieger2021,S045,764,191,191,382
177,subject_177,Stieger2021,S046,464,116,116,232
178,subject_178,Stieger2021,S047,1564,391,391,782
179,subject_179,Stieger2021,S048,436,109,109,218
180,subject_180,Stieger2021,S049,484,121,121,242
181,subject_181,Stieger2021,S050,1056,264,264,528
182,subject_182,Stieger2021,S051,844,211,211,422
183,subject_183,Stieger2021,S052,564,141,141,282
184,subject_184,Stieger2021,S053,968,242,242,484
185,subject_185,Stieger2021,S054,1232,308,308,616
186,subject_186,Stieger2021,S055,1152,288,288,576
187,subject_187,Stieger2021,S056,828,207,207,414
188,subject_188,Stieger2021,S057,520,130,130,260
189,subject_189,Stieger2021,S058,1340,335,335,670
190,subject_190,Stieger2021,S059,884,221,221,442
191,subject_191,Stieger2021,S060,268,67,67,134
192,subject_192,Stieger2021,S061,556,139,139,278
193,subject_193,Stieger2021,S062,424,106,106,212
194,subject_194,Wairagkar2018,S001,80,20,20,40
195,subject_195,Wairagkar2018,S002,68,17,17,34
196,subject_196,Wairagkar2018,S003,80,20,20,40
197,subject_197,Wairagkar2018,S004,80,20,20,40
198,subject_198,Wairagkar2018,S005,80,20,20,40
199,subject_199,Wairagkar2018,S006,72,18,18,36
200,subject_200,Wairagkar2018,S007,80,20,20,40
201,subject_201,Wairagkar2018,S008,80,20,20,40
202,subject_202,Wairagkar2018,S009,80,20,20,40
203,subject_203,Wairagkar2018,S010,80,20,20,40
204,subject_204,Wairagkar2018,S011,80,20,20,40
205,subject_205,Wairagkar2018,S012,80,20,20,40
206,subject_206,Wairagkar2018,S013,80,20,20,40
207,subject_207,Wairagkar2018,S014,80,20,20,40
208,subject_208,Weibo2014,S001,316,79,79,158
209,subject_209,Weibo2014,S002,316,79,79,158
210,subject_210,Weibo2014,S003,316,79,79,158
211,subject_211,Weibo2014,S004,316,79,79,158
212,subject_212,Weibo2014,S005,316,79,79,158
213,subject_213,Weibo2014,S006,280,70,70,140
214,subject_214,Weibo2014,S007,316,79,79,158
215,subject_215,Weibo2014,S008,316,79,79,158
216,subject_216,Weibo2014,S009,316,79,79,158
217,subject_217,Weibo2014,S010,316,79,79,158
218,subject_218,Zhou2016,S001,320,80,80,160
219,subject_219,Zhou2016,S002,288,72,72,144
220,subject_220,Zhou2016,S003,300,75,75,150
221,subject_221,Zhou2016,S004,288,72,72,144
222,subject_222,Zhou2020,S013,1600,400,400,800
223,subject_223,Zhou2020,S014,1680,420,420,840
224,subject_224,Zhou2020,S015,1640,410,410,820
225,subject_225,Zhou2020,S016,1680,420,420,840
226,subject_226,Zhou2020,S017,1724,431,431,862
227,subject_227,Zhou2020,S018,1680,420,420,840
228,subject_228,Zhou2020,S019,1680,420,420,840
229,subject_229,Zhou2020,S020,1640,410,410,820
